fid,id,Ordnung,vertex_index,vertex_part,vertex_part_index,distance,angle,xcoord,ycoord
120,1,3,0,0,0,0.00000000000000,12.73640020499686,401601.225639587,5531698.09281387
120,1,3,1,0,1,8.06004416177720,8.92685752751211,401603.002604642,5531705.95453805
120,1,3,2,0,2,15.30447439982094,8.60603596378830,401603.648773752,5531713.17009312
120,1,3,3,0,3,22.24327467743246,10.93498894163474,401605.102654251,5531719.95486878
120,1,3,4,0,4,36.83235007418213,10.02887791743345,401607.579635842,5531734.3321315
120,1,3,5,0,5,49.20050717583384,8.29094436774176,401609.787380304,5531746.50164975
120,1,3,6,0,6,57.54338343791640,8.05530528741294,401610.702786544,5531754.79415333
120,1,3,7,0,7,64.81138975467590,8.07572430713650,401611.94127734,5531761.95586098
120,1,3,8,0,8,73.58835499756213,8.27853568756884,401612.910531006,5531770.67914397
120,1,3,9,0,9,82.99933849745712,9.57043403638106,401614.579801208,5531779.94090123
120,1,3,10,0,10,89.59471401536626,8.66816686704989,401615.6029023,5531786.45643976
120,1,3,11,0,11,97.32421143739204,8.30330431228411,401616.733698244,5531794.10277424
120,1,3,12,0,12,104.12456786983942,6.24170833150190,401617.70295191,5531800.83370247
120,1,3,13,0,13,108.44446062155644,8.21298889178184,401618.026036466,5531805.14149654
120,1,3,14,0,14,113.56676334597611,8.47518767416021,401619.102984984,5531810.14930715
120,1,3,15,0,15,118.70037484335624,5.74870750155555,401619.533764391,5531815.26481261
120,1,3,16,0,16,125.64001081745933,10.36005378918415,401620.341475779,5531822.15728313
120,1,3,17,0,17,128.30423431276475,11.04767368573014,401620.98764489,5531824.74195957
120,1,3,18,0,18,134.44968606320731,5.42590313374065,401621.849203704,5531830.82671869
120,1,3,19,0,19,136.66005566766484,5.92013718268570,401621.956898556,5531833.03446316
120,1,3,20,0,20,145.22061098144866,9.39733106934939,401623.303084203,5531841.48850902
120,1,3,21,0,21,154.12629803678314,7.78135833394823,401624.810812128,5531850.26563944
120,1,3,22,0,22,159.97190673645770,1.95323704744923,401625.403133813,5531856.08116144
120,1,3,23,0,23,161.58822672037056,6.17767993069094,401625.349286387,5531857.69658421
120,1,3,24,0,24,164.86629242950718,11.64606262348752,401626.156997775,5531860.87358234
120,1,3,25,0,25,170.70023298843566,6.60626453806477,401627.072404016,5531866.63525691
120,1,3,26,0,26,175.12752629911122,3.93815105545937,401627.395488571,5531871.05074584
120,1,3,27,0,27,176.80026692159521,5.68517489619495,401627.503183423,5531872.72001604
120,1,3,28,0,28,181.63605358470764,9.30088426374412,401628.149352534,5531877.51243694
120,1,3,29,0,29,187.88792292934892,10.23596932453566,401629.333995903,5531883.6510435
120,1,3,30,0,30,193.73055474468347,9.28116914184376,401630.303249569,5531889.41271807
120,1,3,31,0,31,201.63604643495279,7.15706543619396,401631.541740365,5531897.22059482
120,1,3,32,0,32,206.88168125407651,5.35235893840144,401632.026367198,5531902.44379513
120,1,3,33,0,33,210.88417893011828,7.07497681145815,401632.403299179,5531906.42850465
120,1,3,34,0,34,215.84194509032943,8.62537075145418,401633.157163142,5531911.3286204
120,1,3,35,0,35,221.66767916002308,9.74661516786481,401634.018721956,5531917.09029497
120,1,3,36,0,36,227.31755472865868,8.89885063757874,401635.095670474,5531922.63657984
120,1,3,37,0,37,230.95095941841737,7.22119038394144,401635.526449881,5531926.24435738
120,1,3,38,0,38,236.22085928842432,6.78537334383151,401636.226466417,5531931.46755769
120,1,3,39,0,39,242.98809048574489,7.53630222918542,401636.926482954,5531938.19848592
120,1,3,40,0,40,253.84138615161208,7.26646856771561,401638.649600583,5531948.91412368
120,1,3,41,0,41,260.71046907949352,8.35384062504654,401639.295769693,5531955.75274677
120,1,3,42,0,42,267.57469596411119,8.72359421205550,401640.641955341,5531962.483675
120,1,3,43,0,43,272.61137360008166,6.98048334091153,401641.1804296,5531967.49148561
120,1,3,44,0,44,279.73166496641471,7.71921133719177,401642.149683266,5531974.5454984
120,1,3,45,0,45,289.89072075440447,8.18043710268478,401643.495868913,5531984.61496704
120,1,3,46,0,46,299.09800076608104,8.76366249810071,401644.895901986,5531993.71518202
120,1,3,47,0,47,305.79978831282187,9.45291719489305,401645.919003078,5532000.3384154
120,1,3,48,0,48,314.98925818792662,9.23105804720017,401647.534425855,5532009.38478295
120,1,3,49,0,49,321.30228042903508,6.72393099978145,401648.449832095,5532015.63108436
120,1,3,50,0,50,327.95194699535506,6.69810729293732,401649.04215378,5532022.25431774
120,1,3,51,0,51,333.55673722403611,11.31756452951342,401649.849865168,5532027.80060261
120,1,3,52,0,52,335.94673810222525,8.55659470262426,401650.442186853,5532030.11604192
120,1,3,53,0,53,343.76370792004843,5.55065090490618,401650.819118834,5532037.92391868
120,1,3,54,0,54,350.07673016022693,6.87288829828042,401651.734525074,5532044.17022008
120,1,3,55,0,55,359.21763800342495,4.95746952071991,401652.596083889,5532053.27043506
120,1,3,56,0,56,370.18256594839602,4.50660688386989,401653.457642703,5532064.20146251
121,2,3,0,0,0,0.00000000000000,281.94417718840248,401926.948718811,5531625.34494149
121,2,3,1,0,1,11.44811977758286,282.25698449886619,401915.748454225,5531627.71422823
121,2,3,2,0,2,19.61324344559151,281.64145741516506,401907.779035193,5531629.49119328
121,2,3,3,0,3,33.80712257756413,281.14766740696678,401893.832551887,5531632.12971715
121,2,3,4,0,4,49.36269237922344,282.31736616742620,401878.593730359,5531635.25286785
121,2,3,5,0,5,65.33732788920923,279.98187383074088,401863.031824276,5531638.86064539
121,2,3,6,0,6,74.28718477235216,280.02722161297737,401854.146999004,5531639.93759391
121,2,3,7,0,7,85.18048043464891,281.38423213242538,401843.539056103,5531642.4145755
121,2,3,8,0,8,94.51986590548360,280.07301623724783,401834.331146276,5531643.97615085
121,2,3,9,0,9,102.18740658041941,279.26275658542681,401826.792506651,5531645.37618392
121,2,3,10,0,10,109.14769410744708,280.17190806926271,401819.900036136,5531646.34543759
121,2,3,11,0,11,116.20314542450139,282.31370522117925,401813.007565622,5531647.85316551
121,2,3,12,0,12,121.76926088005644,282.96937114654224,401807.568975607,5531649.03780888
121,2,3,13,0,13,125.64814479598272,279.51070691393801,401803.799655795,5531649.95321512
121,2,3,14,0,14,131.97607654741213,279.94384732375573,401797.499506965,5531650.54553681
121,2,3,15,0,15,138.20587698625795,282.52794184847187,401791.468595265,5531652.10711216
121,2,3,16,0,16,145.27138977782334,281.05457789654878,401784.522277325,5531653.39945038
121,2,3,17,0,17,152.25185239514155,279.75136518209797,401777.683654237,5531654.79948345
121,2,3,18,0,18,158.88471003430553,278.10823414361312,401771.114268278,5531655.71488969
121,2,3,19,0,19,173.08706431349589,277.57173498671176,401757.06009012,5531657.76109188
121,2,3,20,0,20,180.30040888888371,279.21486602524448,401749.898382476,5531658.62265069
121,2,3,21,0,21,187.28087150614493,281.35948087344423,401743.059759388,5531660.02268376
121,2,3,22,0,22,194.79986969586679,280.77835050298859,401735.682662041,5531661.47656426
121,2,3,23,0,23,200.16519219240513,280.15594726308393,401730.405614303,5531662.44581793
121,2,3,24,0,24,207.05261266050115,282.00785838132970,401723.620838641,5531663.6304613
121,2,3,25,0,25,216.99121967302395,282.80817443481828,401713.982149406,5531666.05359547
121,2,3,26,0,26,229.41026199837435,281.14455659155379,401701.812631154,5531668.53057706
121,2,3,27,0,27,239.77040038770096,281.29007525429421,401691.635467661,5531670.46908439
121,2,3,28,0,28,253.46766570008015,282.84026016634135,401678.227458613,5531673.26915053
121,2,3,29,0,29,268.27766577920698,282.51216544136372,401663.8501959,5531676.82308064
121,2,3,30,0,30,282.49195837052918,282.49203441971349,401649.903712594,5531679.56929936
121,2,3,31,0,31,294.19371147107006,283.28934821823003,401638.541905731,5531682.36936551
121,2,3,32,0,32,303.96505356770518,281.97131755605818,401629.010911348,5531684.52326255
121,2,3,33,0,33,315.87714602356692,279.92557344553182,401617.326019929,5531686.83870186
121,2,3,34,0,34,322.68538594067616,285.32704288989481,401610.595091692,5531687.86180295
121,2,3,35,0,35,325.41519021174565,292.01128320454671,401608.064262675,5531688.88490404
122,3,2,0,0,0,0.00000000000000,0.38976119503145,401713.47059886,5531673.6191588
122,3,2,1,0,1,3.95787737908866,23.64945681105807,401713.497522573,5531677.57694461
122,3,2,2,0,2,5.10078820101711,27.29880009890740,401714.332157674,5531678.35773228
122,3,2,3,0,3,10.53437770275321,5.33323421054537,401715.059097924,5531683.74247487
122,3,2,4,0,4,15.19847873370715,3.51125311197847,401715.30141134,5531688.40027721
122,3,2,5,0,5,20.54268316173723,11.97411755569624,401715.678343321,5531693.73117237
122,3,2,6,0,6,23.86424450716898,10.73440931166555,401716.809139265,5531696.85432308
122,3,2,7,0,7,33.72200086116923,3.83046531477679,401717.078376395,5531706.70840201
122,3,2,8,0,8,39.29982488216664,7.28350308901044,401717.670698079,5531712.25468688
122,3,2,9,0,9,46.97605827324078,8.96673342040525,401718.801494023,5531719.84717393
122,3,2,10,0,10,50.57901042398716,10.85232670128834,401719.393815708,5531723.40110404
122,3,2,11,0,11,56.41965680783384,13.55047282181643,401720.632306503,5531729.10893119
122,3,2,12,0,12,61.87926534965702,16.03734401778272,401722.032339577,5531734.38597892
122,3,2,13,0,13,65.88176302559307,10.60349334345708,401723.216982946,5531738.20914616
122,3,2,14,0,14,70.52389836206198,15.27798213599129,401723.540067502,5531742.84002479
122,3,2,15,0,15,73.29324797068810,14.81576833710523,401724.778558297,5531745.31700638
122,3,2,16,0,16,76.31302774536850,7.77277865242611,401724.940100575,5531748.33246223
122,3,2,17,0,17,83.04137080807359,10.43599849565437,401726.393981074,5531754.90184819
122,3,2,18,0,18,86.36162247569706,8.39292518789749,401726.878607907,5531758.18654117
123,4,3,0,0,0,0.00000000000000,50.01797963939872,401672.115775774,5531710.85465381
123,4,3,1,0,1,15.67117371861139,49.48515811041816,401684.123751748,5531720.92412245
123,4,3,2,0,2,26.16700258748521,49.54435753046574,401692.039323354,5531727.81659296
123,4,3,3,0,3,32.97183455172035,55.26596387003350,401697.262523666,5531732.17823446
123,4,3,4,0,4,35.69685481750294,48.63272345221764,401699.631810405,5531733.52442011
123,4,3,5,0,5,38.38922611226681,42.91372537857559,401701.247233182,5531735.67831715
123,4,3,6,0,6,44.45776172985668,50.08050050813414,401705.824264383,5531739.66302666
123,4,3,7,0,7,51.50498894858310,47.37661580581460,401711.316701824,5531744.07851558
123,4,3,8,0,8,57.52290557216020,47.65167887138732,401715.462953618,5531748.44015708
123,4,3,9,0,9,63.35087892107452,50.20289840917014,401720.039984818,5531752.04793462
123,4,3,10,0,10,68.73050357239488,50.28172494766866,401724.07854176,5531755.60186473
123,4,3,11,0,11,71.26190536968620,47.51151955194382,401726.070896518,5531757.16344008
123,4,3,12,0,12,74.72869281149590,47.22600187336624,401728.440183258,5531759.69426909
123,4,3,13,0,13,77.83181863178994,57.62238379912128,401730.863317423,5531761.63277643
123,4,3,14,0,14,80.76983603886704,43.55158317455723,401733.501841292,5531762.92511465
123,4,3,15,0,15,82.41019515122248,46.72587695114902,401734.148010402,5531764.43284257
123,4,3,16,0,16,84.64145471418462,54.90641568120896,401736.248060012,5531765.18670653
123,4,3,17,0,17,86.24787785129976,47.43225722101180,401737.271161104,5531766.42519733
123,4,3,18,0,18,87.95068297070785,41.38963905436238,401738.671194177,5531767.394451
123,4,3,19,0,19,89.46799603910746,40.01192669780553,401739.371210714,5531768.74063664
123,4,3,20,0,20,92.65592737326084,49.46212827222092,401741.902039731,5531770.67914398
123,4,3,21,0,21,97.41678290732280,45.99544734218212,401745.348274988,5531773.96383695
123,4,3,22,0,22,100.95804445050980,49.91354322345842,401747.879104005,5531776.44081855
123,4,3,23,0,23,106.66688749367071,49.60551327400988,401752.509982632,5531779.77935895
123,4,3,24,0,24,110.93138605309709,48.47647873432456,401755.525438482,5531782.7948148
123,4,3,25,0,25,114.07673952776344,48.93116895789692,401758.002420073,5531784.73332213
123,4,3,26,0,26,121.27398735859826,45.90938045212170,401763.171772958,5531789.74113274
124,5,6,0,0,0,0.00000000000000,356.55778471388629,401788.103131146,5531668.26133993
124,5,6,1,0,1,7.17465171750085,352.00070222342305,401787.672351739,5531675.42304757
124,5,6,2,0,2,19.31136459734099,351.63779337824548,401785.033827871,5531687.26948127
124,5,6,3,0,3,32.64694896274672,352.32158354744627,401784.064574205,5531700.56979546
124,5,6,4,0,4,52.62717402343318,350.42905905019137,401780.18755954,5531720.17025849
124,5,6,5,0,5,67.41591639856968,348.39589966295000,401778.141357356,5531734.81675833
124,5,6,6,0,6,76.62524315492506,346.81171055127078,401775.718223191,5531743.7015836
124,5,6,7,0,7,83.04597011754360,351.49395669474870,401774.479732396,5531750.00173243
124,5,6,8,0,8,89.86676214914429,350.42144636810184,401773.779715859,5531756.78650809
124,5,6,9,0,9,96.67159411191702,347.60489872484965,401772.218140508,5531763.40974148
124,5,6,10,0,10,102.33198060907930,345.50853783135000,401771.087344564,5531768.95602635
124,5,6,11,0,11,109.33152463138509,342.63452739363510,401768.987294955,5531775.63310716
124,5,6,12,0,12,116.04195964877626,338.67017556556556,401766.994940197,5531782.04095084
124,5,6,13,0,13,123.07518383099433,332.37653877343183,401763.979484347,5531788.39494709
124,5,6,14,0,14,124.75160390304256,331.52065318752619,401763.144849245,5531789.84882759
124,5,6,15,0,15,132.49407921112820,328.45676345273785,401759.617842849,5531796.74129811
124,5,6,16,0,16,138.08410599545806,324.86316369428795,401756.33314987,5531801.26448188
124,5,6,17,0,17,145.25309755622590,329.11014303460678,401752.294592928,5531807.18769873
124,5,6,18,0,18,151.20195879891307,340.36943705792430,401749.548374207,5531812.46474647
124,5,6,19,0,19,155.16221641576360,354.43772839071602,401748.740662819,5531816.34176113
124,5,6,20,0,20,159.95493982492852,3.30903450138111,401748.794510245,5531821.13418204
124,5,6,21,0,21,164.61110777839144,5.58437609823692,401749.279137078,5531825.76506066
124,5,6,22,0,22,170.55875036620876,4.48335625885924,401749.817611337,5531831.68827751
124,5,6,23,0,23,175.46950571088317,6.67325574687758,401750.140695892,5531836.58839327
124,5,6,24,0,24,180.00197504658158,4.31751846900343,401750.894559855,5531841.05772962
124,5,6,25,0,25,183.28710936869280,353.76309420157173,401750.840712429,5531844.3424226
124,5,6,26,0,26,191.36583851523559,340.40575219394975,401749.225289652,5531852.2579942
124,5,6,27,0,27,207.84042304680469,334.15095088467984,401741.578955175,5531866.85064662
124,5,6,28,0,28,230.83623721171193,340.00519041546465,401732.20950307,5531887.85114272
124,5,6,29,0,29,238.28452558963397,340.64631840774399,401730.163300886,5531895.01285036
124,5,6,30,0,30,246.63504439510160,333.98138921715201,401726.932455333,5531902.71303227
124,5,6,31,0,31,254.78363855546749,328.82274212902496,401722.947745817,5531909.82089248
124,5,6,32,0,32,261.78835876012732,331.16531068724316,401719.124578578,5531915.6902619
124,5,6,33,0,33,272.26995074278739,337.09788357436656,401714.762937081,5531925.22125629
124,5,6,34,0,34,289.82949642526182,337.36426743081250,401708.408940826,5531941.59087376
124,5,6,35,0,35,299.73639846430285,340.36503383854415,401704.370383884,5531950.63724131
124,5,6,36,0,36,306.09791977600440,348.36415661281887,401702.701113681,5531956.77584786
124,5,6,37,0,37,312.24337152551669,356.86540335262333,401701.839554867,5531962.86060699
124,5,6,38,0,38,317.41524789300672,354.93458603455713,401702.001097144,5531968.02995987
124,5,6,39,0,39,322.36833305051579,356.89492729903071,401700.977996052,5531972.8762282
124,5,6,40,0,40,326.69761251274628,354.44459162289320,401701.40877546,5531977.18402227
124,5,6,41,0,41,331.53549732516575,346.92179582241073,401700.008742386,5531981.8149009
124,5,6,42,0,42,335.51911518926670,352.60057936150497,401699.362573276,5531985.74576299
124,5,6,43,0,43,341.73983309346721,357.08084014999116,401698.770251591,5531991.93821697
124,5,6,44,0,44,349.97866522585235,5.46772779551602,401698.716404165,5532000.17687313
124,5,6,45,0,45,352.72435597897794,4.73854648593092,401699.254878424,5532002.86924442
124,5,6,46,0,46,359.45872956906902,356.55177182106132,401699.03948872,5532009.60017266
124,5,6,47,0,47,363.72934308406400,353.55042902126490,401698.662556739,5532013.85411931
124,5,6,48,0,48,369.65402831711930,353.94431689064066,401697.854845351,5532019.72348873
124,5,6,49,0,49,375.43178434755913,1.72887849287772,401697.424065944,5532025.4851633
124,5,6,50,0,50,379.83346147448714,6.77997006381247,401698.016387628,5532029.8468048
124,5,6,51,0,51,385.13791124343720,5.57925045524648,401698.554861887,5532035.12385253
124,5,6,52,0,52,389.19402020283678,9.84837066597181,401698.931793868,5532039.16240948
124,5,6,53,0,53,393.75200680825850,12.96988563462137,401700.062589812,5532043.5778984
124,5,6,54,0,54,398.31412648899931,24.34602475054164,401700.977996052,5532048.04723475
124,5,6,55,0,55,400.81267026043599,11.29120280093121,401702.485723977,5532050.03958951
124,5,6,56,0,56,402.31461773761214,5.01635811927823,401702.108791996,5532051.49347
124,5,6,57,0,57,406.45912086979968,20.60863840935838,401703.831909625,5532055.26278982
124,5,6,58,0,58,412.47294063858658,17.43759030621819,401705.555027253,5532061.02446439
124,5,6,59,0,59,417.12162980162714,19.81244262190703,401707.008907752,5532065.43995331
124,5,6,60,0,60,421.40139936372958,21.39981013139591,401708.570483103,5532069.42466283
125,6,1,0,0,0,0.00000000000000,61.38954034139864,401702.485723977,5531678.54619827
125,6,1,1,0,1,2.02411893754849,51.04253568959088,401704.262689032,5531679.51545194
125,6,1,2,0,2,5.57519235320227,45.49822877718918,401706.578128345,5531682.20782323
125,6,1,3,0,3,16.70286421121324,50.30092651659530,401715.139869062,5531689.31568345
126,7,1,0,0,0,0.00000000000000,47.60256220257004,401720.524611651,5531694.26964663
126,7,1,1,0,1,16.77068548679860,49.68436851270192,401732.909519607,5531705.57760607
126,7,1,2,0,2,23.55738399909916,48.76503664143786,401738.24041477,5531709.77770529
126,7,1,3,0,3,32.12521848254026,48.36419278227622,401744.379021322,5531715.75476956
126,7,1,4,0,4,39.82012680301889,49.48863730397620,401750.356085596,5531720.60103789
126,7,1,5,0,5,44.16678494617707,48.23648536583908,401753.586931149,5531723.50879889
126,7,1,6,0,6,52.36805019926234,48.86982337967396,401759.725537701,5531728.94738891
126,7,1,7,0,7,57.98085336837078,49.39218519886964,401763.979484347,5531732.60901387
126,7,1,8,0,8,64.28284286627348,49.31978911725294,401768.771905251,5531736.70141824
126,7,1,9,0,9,73.78847696693082,49.13467136787830,401775.960536608,5531742.92079593
127,8,7,0,0,0,0.00000000000000,350.63980919822501,401950.560815064,5531628.03731279
127,8,7,1,0,1,4.96623923228167,344.90562670560718,401949.753103676,5531632.93742855
127,8,7,2,0,2,10.26658772830240,333.35012595481624,401947.868443769,5531637.89139173
127,8,7,3,0,3,12.37284133811893,327.52880769664301,401946.737647826,5531639.66835678
128,9,6,0,0,0,0.00000000000000,40.76360519764583,401940.975973255,5531633.31436053
128,9,6,1,0,1,8.24692269783587,41.56052995234642,401946.360715844,5531639.56066193
128,9,6,2,0,2,10.72448951784709,13.78736433167955,401948.029986047,5531641.39147441
128,9,6,3,0,3,14.73422498908066,349.15302341841016,401947.006884955,5531645.26848907
128,9,6,4,0,4,20.10413911873108,355.11318382727546,401946.360715844,5531650.59938424
128,9,6,5,0,5,24.41731457179027,351.55067565014360,401946.145326141,5531654.90717831
128,9,6,6,0,6,27.74759393954913,357.58739153363331,401945.337614752,5531658.13802386
128,9,6,7,0,7,33.80273638277984,8.46145947694624,401946.306868419,5531664.11508814
128,9,6,8,0,8,39.01927090337944,359.54812211457539,401947.006884955,5531669.28444102
128,9,6,9,0,9,40.81651697374888,15.42840583298268,401946.737647826,5531671.06140608
128,9,6,10,0,10,43.18825006031787,18.26839320086011,401948.245375751,5531672.89221856
128,9,6,11,0,11,45.29105926295754,4.36655027538813,401948.137680899,5531674.99226817
128,9,6,12,0,12,50.34956566915902,24.04981606149712,401949.160781991,5531679.94623135
128,9,6,13,0,13,53.16048382399828,25.02892649252014,401950.830052193,5531682.20782324
128,9,6,14,0,14,58.64578976977608,12.23365015699071,401952.122390415,5531687.5387184
128,9,6,15,0,15,61.22260149763068,10.86291625498692,401952.607017248,5531690.06954742
128,9,6,16,0,16,64.07397396539552,13.22903532667116,401953.145491507,5531692.86961356
128,9,6,17,0,17,67.48383856000076,15.22411279876198,401954.060897747,5531696.15430654
128,9,6,18,0,18,71.04957916084103,14.99984465458299,401954.976303987,5531699.6005418
128,9,6,19,0,19,75.17725744752846,7.56200365410257,401956.053252505,5531703.58525131
128,9,6,20,0,20,78.19271329792848,3.08508754749244,401956.053252505,5531706.60070716
128,9,6,21,0,21,82.20064054600341,17.23546543309994,401956.484031912,5531710.58541668
128,9,6,22,0,22,84.58578369222002,17.55948517188071,401957.614827856,5531712.68546629
128,9,6,23,0,23,89.57503175042912,5.45191567563187,401958.207149541,5531717.63942947
128,9,6,24,0,24,91.84238566534619,9.16782473957978,401958.368691818,5531719.90102136
128,9,6,25,0,25,95.34246834780616,20.40754194006402,401959.230250633,5531723.29340919
128,9,6,26,0,26,97.63019193709030,26.42323109757355,401960.253351725,5531725.33961137
128,9,6,27,0,27,100.06243313604929,20.96182873783595,401961.330300243,5531727.52043212
128,9,6,28,0,28,102.15937386188844,15.13156022590097,401961.895698214,5531729.53971059
128,9,6,29,0,29,105.99918996713969,14.32855872915174,401962.864951881,5531733.25518298
128,9,6,30,0,30,111.32763695865404,10.50225010443704,401964.157290102,5531738.42453587
128,9,6,31,0,31,116.20996854329984,12.51835651935960,401964.749611787,5531743.2708042
128,9,6,32,0,32,124.19628793485305,18.00892964440191,401967.226593378,5531750.86329125
128,9,6,33,0,33,128.21505231997872,15.14424513482467,401968.465084173,5531754.68645849
128,9,6,34,0,34,133.50664080825277,12.21692217823458,401969.595880117,5531759.85581137
128,9,6,35,0,35,137.36152985086301,20.53120886063027,401970.403591505,5531763.62513118
128,9,6,36,0,36,140.80818576567569,18.28115200552795,401972.072861708,5531766.64058703
128,9,6,37,0,37,145.69734226274991,7.51302566921137,401972.719030819,5531771.48685537
128,9,6,38,0,38,150.69326917742526,15.37455817894979,401973.36519993,5531776.44081855
128,9,6,39,0,39,154.09419347859327,14.18007972864849,401974.711385577,5531779.56396925
128,9,6,40,0,40,157.77004453406244,16.59202615413910,401975.034470132,5531783.22559421
128,9,6,41,0,41,160.39590033008895,15.43395611659559,401976.272960928,5531785.54103352
128,9,6,42,0,42,164.92420952757593,2.50846051788386,401976.488350631,5531790.0642173
128,9,6,43,0,43,167.61873385857385,17.99033878118953,401976.596045483,5531792.75658859
128,9,6,44,0,44,170.14267937533688,18.16125119495092,401977.996078556,5531794.8566382
128,9,6,45,0,45,174.83235430080501,12.21692217735161,401978.21146826,5531799.54136426
128,9,6,46,0,46,177.73212692971893,10.90070474264198,401979.288416778,5531802.23373555
128,9,6,47,0,47,184.62459744412072,1.41356228939610,401979.288416778,5531809.12620606
128,9,6,48,0,48,188.99155396642527,2.76600028208769,401979.503806481,5531813.48784756
128,9,6,49,0,49,195.83780471996559,2.76949350091751,401979.826891037,5531820.32647065
128,9,6,50,0,50,201.28305494252169,1.08395552300877,401980.096128166,5531825.76506067
128,9,6,51,0,51,205.91424662473889,1.42762670314903,401980.04228074,5531830.39593929
128,9,6,52,0,52,212.92765421712349,1.76072668836619,401980.473060147,5531837.39610466
128,9,6,53,0,53,217.98931225122459,2.42200018777440,401980.473060147,5531842.45776269
128,9,6,54,0,54,224.36608439155975,3.71157393777565,401981.011534406,5531848.81175895
128,9,6,55,0,55,230.34920949317336,18.31254242777405,401981.280771536,5531854.78882322
128,9,6,56,0,56,232.75372467903867,9.75574113770175,401982.626957183,5531856.78117798
128,9,6,57,0,57,237.25956711056713,354.34251990829750,401981.496161239,5531861.14281948
128,9,6,58,0,58,245.88877461815909,11.50918562486338,401981.980788072,5531869.75840762
128,9,6,59,0,59,248.75029796393360,9.58806033278926,401982.950041738,5531872.45077891
128,9,6,60,0,60,253.70455378627935,3.52202428726897,401982.896194313,5531877.4047421
128,9,6,61,0,61,259.35519910994645,7.18832053471213,401983.650058275,5531883.00487439
128,9,6,62,0,62,262.12035749428009,29.65224008478776,401983.97314283,5531885.75109311
128,9,6,63,0,63,263.27274273204978,27.90206484028863,401984.888549071,5531886.45110965
128,9,6,64,0,64,269.04346863782558,11.92823857030538,401985.211633626,5531892.21278422
128,9,6,65,0,65,273.01396327524191,16.89050656367773,401986.611666699,5531895.9282566
128,9,6,66,0,66,276.33159403625854,14.49669428585442,401987.365530662,5531899.15910216
128,9,6,67,0,67,281.25767710584552,14.44901142514269,401988.711716309,5531903.89767564
128,9,6,68,0,68,286.50856046217365,18.50057277965249,401989.896359679,5531909.0131811
128,9,6,69,0,69,292.34225250864233,21.33073589031752,401992.265646418,5531914.34407626
128,9,6,70,0,70,296.03737885286665,25.28248024851746,401993.450289788,5531917.84415894
128,9,6,71,0,71,298.38329806131298,21.21349419144843,401994.688780583,5531919.8365137
128,9,6,72,0,72,304.84678383350274,17.69077601241046,401995.873423953,5531926.19050996
128,9,6,73,0,73,309.59299993122664,24.79784094896477,401997.865778711,5531930.49830403
128,9,6,74,0,74,314.21886678390541,16.24848318105782,401999.804286043,5531934.69840325
128,9,6,75,0,75,317.42493727658859,13.74895120107587,402000.23506545,5531937.87540138
128,9,6,76,0,76,322.51771966783087,17.40694625344031,402001.958183079,5531942.66782228
128,9,6,77,0,77,326.25342728635559,6.05107122811156,402002.927436745,5531946.27559981
128,9,6,78,0,78,330.45904569256203,19.17451872462759,402002.712047041,5531950.47569903
128,9,6,79,0,79,333.39706309957086,26.11190103992772,402004.650554373,5531952.6834435
128,9,6,80,0,80,339.92349551641155,14.92508562921616,402005.889045169,5531959.09128718
128,9,6,81,0,81,352.21817299461065,14.82498858784337,402009.873754685,5531970.72233117
128,9,6,82,0,82,358.57581887447054,12.47283160836174,402011.058398054,5531976.96863257
128,9,6,83,0,83,362.96397112547959,12.34912156473090,402012.135346572,5531981.22257922
128,9,6,84,0,84,371.83556945502158,11.64787154038426,402013.750769349,5531989.94586221
128,9,6,85,0,85,377.90983596399747,10.85006151814190,402015.096954996,5531995.86907906
128,9,6,86,0,86,384.17768559002582,12.62583703391355,402016.066208662,5532002.06153304
128,9,6,87,0,87,389.34058397395142,12.77623649484761,402017.520089161,5532007.01549622
128,9,6,88,0,88,395.06818864290415,6.98014879117537,402018.435495402,5532012.66947594
128,9,6,89,0,89,401.55227735956430,5.10198686110204,402018.97396966,5532019.13116705
128,9,6,90,0,90,408.36775352095793,4.00205112106933,402019.620138771,5532025.91594271
128,9,6,91,0,91,415.59053820631840,3.12757809875055,402019.943223327,5532033.13149778
128,9,6,92,0,92,423.95424131874586,4.94741694361656,402020.481697585,5532041.47784879
128,9,6,93,0,93,428.93738347452506,12.05394770374440,402021.020171844,5532046.43181197
128,9,6,94,0,94,432.61560019637682,15.97034548881371,402022.150967788,5532049.93189466
128,9,6,95,0,95,437.27799131271303,17.42856816209243,402023.281763732,5532054.45507843
128,9,6,96,0,96,441.36826957199679,20.33805361203598,402024.735644231,5532058.27824567
128,9,6,97,0,97,445.49032431580639,20.29038661763962,402026.135677304,5532062.15526033
128,9,6,98,0,98,449.75074136393238,19.73622992247180,402027.643405229,5532066.13996985
128,9,6,99,0,99,459.13333664040317,16.86426677635673,402030.658861079,5532075.02479512
128,9,6,100,0,100,463.09103086520639,14.98163257245971,402031.681962171,5532078.84796236
129,10,1,0,0,0,0.00000000000000,49.57392125558476,401648.50367952,5531939.22158702
129,10,1,1,0,1,5.72962927339825,47.28696063079670,401652.865321017,5531942.93705941
129,10,1,2,0,2,10.83179719261564,45.35365968621934,401656.473098552,5531946.54483694
129,10,1,3,0,3,13.91617849991942,49.52560547109250,401658.680843014,5531948.69873398
129,10,1,4,0,4,16.80242062029797,57.45048148116190,401660.996282327,5531950.42185161
129,10,1,5,0,5,19.74191801245029,46.14627954384338,401663.58095877,5531951.82188468
129,10,1,6,0,6,22.05986050424691,39.51867668515111,401664.76560214,5531953.81423944
129,10,1,7,0,7,26.02633660603195,47.37299560054962,401667.727210564,5531956.45276331
129,10,1,8,0,8,30.55880594119096,47.01163651472964,401671.011903543,5531959.57591401
129,10,1,9,0,9,34.78951427268560,49.29407673157068,401674.135054245,5531962.42982758
129,10,1,10,0,10,40.60902359975641,41.79153154798067,401678.65823802,5531966.09145254
129,10,1,11,0,11,42.90938664255398,43.51818966846261,401679.896728815,5531968.02995987
129,10,1,12,0,12,44.76223893191234,61.71240559525196,401681.40445674,5531969.10690839
129,10,1,13,0,13,47.01226249841866,44.20126190648836,401683.50450635,5531969.91461978
129,10,1,14,0,14,48.95375904945348,35.78252557951869,401684.150675461,5531971.74543226
129,10,1,15,0,15,50.79562440110130,51.41780473534600,401685.60455596,5531972.8762282
129,10,1,16,0,16,54.62220298237182,48.10881110336240,401688.566164384,5531975.29936237
129,10,1,17,0,17,58.92494589585748,49.98467563603712,401691.63546766,5531978.31481822
129,10,1,18,0,18,62.63065047452682,47.13394664793312,401694.65092351,5531980.46871526
129,10,1,19,0,19,64.73345967774183,43.64756200712912,401695.997109157,5531982.08413803
129,10,1,20,0,20,69.11632260592422,47.48955292442982,401699.227954711,5531985.04574646
130,11,4,0,0,0,0.00000000000000,30.33921453882681,401842.192870455,5531655.9302794
130,11,4,1,0,1,16.09713836420271,11.99951139683611,401850.323831765,5531669.82291528
130,11,4,2,0,2,19.51040262563333,5.13339441855181,401849.946899784,5531673.21530311
130,11,4,3,0,3,22.71330618006011,13.45591352563600,401850.862306024,5531676.28460639
130,11,4,4,0,4,27.52956636841912,6.13989023986512,401851.723864838,5531681.02317987
130,11,4,5,0,5,33.77958028492548,2.99455485335303,401851.939254542,5531687.26948127
130,11,4,6,0,6,39.93328333881009,2.36969999765836,401852.370033949,5531693.40808782
130,11,4,7,0,7,44.18757077683783,11.77943923791798,401852.423881375,5531697.66203447
130,11,4,8,0,8,47.51785014629642,12.12403869396257,401853.716219596,5531700.73133774
130,11,4,9,0,9,56.24379186797158,3.97552842973522,401853.9316093,5531709.45462074
130,11,4,10,0,10,61.44696918967236,8.11271010473852,401854.523930985,5531714.62397362
130,11,4,11,0,11,65.92635009587768,5.92087467515507,401855.277794947,5531719.03946255
130,11,4,12,0,12,73.09311680072265,5.21146218782755,401855.547032077,5531726.20117019
130,11,4,13,0,13,82.45219598742111,14.15760550593477,401856.893217724,5531735.46292744
130,11,4,14,0,14,86.69385585520280,18.07933382737346,401858.347098223,5531739.44763696
130,11,4,15,0,15,91.73829926834767,19.81568995315097,401859.747131296,5531744.29390529
130,11,4,16,0,16,98.08064832792570,16.97771851318217,401862.277960313,5531750.10942729
130,11,4,17,0,17,102.24190827989779,14.52658367883988,401863.031824276,5531754.20183165
130,11,4,18,0,18,107.63982736695370,16.42082795369668,401864.754941904,5531759.31733711
130,11,4,19,0,19,111.58394455612763,18.18557196749324,401865.724195571,5531763.14050435
130,11,4,20,0,20,116.58364252929142,19.35959389749496,401867.608855477,5531767.77138298
130,11,4,21,0,21,121.30290171397408,16.06016751559382,401868.955041124,5531772.29456675
130,11,4,22,0,22,128.73657737712890,25.26917374025276,401870.947395882,5531779.4562744
130,11,4,23,0,23,131.36574377220663,20.97248883669749,401872.455123807,5531781.61017143
130,11,4,24,0,24,133.58984454402156,12.12674232843525,401872.724360937,5531783.8179159
130,11,4,25,0,25,137.03018519770981,17.22043825085658,401873.747462029,5531787.10260888
130,11,4,26,0,26,143.05965438196415,18.15967866590343,401875.524427083,5531792.86428344
130,11,4,27,0,27,145.68219540065147,17.90498086594083,401876.385985897,5531795.34126504
130,11,4,28,0,28,150.00946513822959,17.39182979837348,401877.624476693,5531799.48751683
130,11,4,29,0,29,153.46620147170802,21.54830557367607,401878.701425211,5531802.77220981
130,11,4,30,0,30,156.01984148651530,18.12691886679982,401879.778373729,5531805.08764912
130,11,4,31,0,31,159.31467039135507,14.52730204783251,401880.424542839,5531808.31849468
130,11,4,32,0,32,163.55496286454402,19.77304055309474,401881.716881061,5531812.35705162
130,11,4,33,0,33,165.87478096765355,14.61071218970795,401882.578439875,5531814.51094865
130,11,4,34,0,34,177.54974237369308,8.22649229713710,401884.0861678,5531826.08814522
130,11,4,35,0,35,188.18184809684251,8.30519839441360,401885.755438003,5531836.58839327
130,11,4,36,0,36,200.02399769926899,7.49972500166287,401887.317013353,5531848.32713211
130,11,4,37,0,37,214.19692252197299,8.41650241505751,401889.147825834,5531862.38131027
130,11,4,38,0,38,224.07627439946245,8.50281264299527,401890.763248611,5531872.12769436
130,11,4,39,0,39,233.03972797602921,7.34228675660723,401891.94789198,5531881.01251963
130,11,4,40,0,40,243.94645729670887,7.87865866171515,401893.294077628,5531891.83585223
130,11,4,41,0,41,252.87945150519673,10.81439451560224,401894.640263275,5531900.66683008
130,11,4,42,0,42,259.84161340819156,9.01250935238739,401896.201838626,5531907.45160574
130,11,4,43,0,43,272.65345394852261,6.39272132652314,401897.332634569,5531920.21344568
130,11,4,44,0,44,275.85952444122148,28.88782592448277,401897.763413977,5531923.39044381
130,11,4,45,0,45,281.47852332927033,54.37485127803312,401902.071208048,5531926.99822134
130,11,4,46,0,46,290.80579283499571,57.30587946823426,401910.04062708,5531931.84448967
130,11,4,47,0,47,301.66349571398041,58.40770250683394,401919.033147204,5531937.9292488
130,11,4,48,0,48,308.19592312031546,58.83390575959514,401924.740974349,5531941.10624693
130,11,4,49,0,49,319.39722318517261,57.18844786198532,401934.110426454,5531947.24485348
130,11,4,50,0,50,325.32777831873801,57.44726143501240,401939.118237062,5531950.42185161
130,11,4,51,0,51,334.09565399543089,58.01109219355590,401946.495334409,5531955.16042509
130,11,4,52,0,52,342.91496814152839,58.14398343153450,401954.033974034,5531959.73745629
130,11,4,53,0,53,353.25213129264819,57.28848908372550,401962.757257029,5531965.28374115
130,11,4,54,0,54,366.41052962077833,57.52251306414036,401973.795979337,5531972.4454488
130,11,4,55,0,55,379.42435073469829,58.71419035392482,401984.834701645,5531979.33791931
130,11,4,56,0,56,389.37039447866698,58.94818542242250,401993.396442362,5531984.39957734
130,11,4,57,0,57,399.98161691957978,57.73193454952552,402002.442809912,5531989.94586221
130,11,4,58,0,58,407.68838572482463,54.98272960765728,402008.904501019,5531994.14596143
130,11,4,59,0,59,412.07157942249489,48.52506791395254,402012.404583702,5531996.7844853
130,11,4,60,0,60,416.71746093487326,44.06080905699343,402015.635429255,5532000.12302571
131,12,1,0,0,0,0.00000000000000,93.39133941957058,401789.745477636,5531746.6093446
131,12,1,1,0,1,43.69293086305991,49.80858424106742,401833.361892609,5531744.02466816
131,12,1,2,0,2,46.67210995999906,11.53829113864347,401833.684977165,5531746.98627658
131,12,1,3,0,3,58.37485416706826,12.51444109779789,401837.077364996,5531758.18654117
131,12,1,4,0,4,67.45976232680678,7.67622660812316,401838.369703217,5531767.17906129
131,12,1,5,0,5,75.22070647125432,5.04258103085919,401839.338956883,5531774.8792432
131,12,1,6,0,6,78.40180895436228,24.63201488751412,401839.500499161,5531778.05624132
131,12,1,7,0,7,83.23879467177592,51.05786458808476,401843.000581844,5531781.39478173
131,12,1,8,0,8,87.92846959763168,57.23994177860596,401846.877596508,5531784.0333056
131,12,1,9,0,9,92.90608090949785,57.10441167280826,401851.131543154,5531786.61798204
131,12,1,10,0,10,99.17924824923804,56.88817174741758,401856.30089604,5531790.17191215
131,12,1,11,0,11,104.81293466109022,57.01791673568290,401861.093316944,5531793.13352057
131,12,1,12,0,12,110.93640749109429,55.01178438560248,401866.154974978,5531796.57975583
131,12,1,13,0,13,114.71724843018050,53.83276348020452,401869.224278254,5531798.78750029
131,12,1,14,0,14,119.41279336940732,61.90989967278392,401872.993598066,5531801.58756644
131,12,1,15,0,15,121.98453650842011,65.99197277268524,401875.416732231,5531802.44912525
131,12,1,16,0,16,126.39378259689597,61.55707138142836,401879.293746896,5531804.54917486
132,13,1,0,0,0,0.00000000000000,44.41536947536785,401774.022029276,5531773.96383695
132,13,1,1,0,1,7.46326099935632,43.55211901191002,401779.245229587,5531779.29473212
132,13,1,2,0,2,15.96109455131822,43.71362290260805,401785.006904158,5531785.54103352
132,13,1,3,0,3,24.29979920135574,45.18748541437208,401790.87627358,5531791.46425037
132,13,1,4,0,4,31.15388065372085,44.29152150501224,401795.776389336,5531796.25667127
132,13,1,5,0,5,40.71706827715854,43.54884258413974,401802.291927869,5531803.25683664
132,13,1,6,0,6,50.99868398863306,43.70776557092131,401809.453635513,5531810.63393399
132,13,1,7,0,7,59.79824969229810,43.05566630916611,401815.484547213,5531817.04177767
132,13,1,8,0,8,64.86591902910835,43.19841045911433,401818.93078247,5531820.75725005
132,13,1,9,0,9,76.90175227554748,44.27489185514864,401827.223286058,5531829.48053305
132,13,1,10,0,10,82.76543779544298,45.41118548801650,401831.369537851,5531833.62678484
132,13,1,11,0,11,90.72411648876070,45.13835669256068,401837.077364996,5531839.17306971
132,13,1,12,0,12,98.72041390730620,44.26514852828951,401842.677497289,5531844.88089685
132,13,1,13,0,13,108.16446032106911,43.33130910826488,401849.246883248,5531851.66567252
132,13,1,14,0,14,118.11108710275352,43.65626158700857,401855.977811484,5531858.98892244
132,13,1,15,0,15,126.06903711239198,43.39090662717868,401861.577943777,5531864.64290216
132,13,1,16,0,16,139.41320716729405,43.00716348556292,401870.516616475,5531874.55082852
132,13,1,17,0,17,145.69676571437128,44.97592108994879,401874.878257972,5531879.0740123
132,13,1,18,0,18,152.28488329256672,44.62003199803223,401879.616831451,5531883.6510435
132,13,1,19,0,19,159.75125171793650,42.94664913800254,401884.732336911,5531889.08963351
132,13,1,20,0,20,165.31502250356903,43.31183647355834,401888.501656723,5531893.18203788
132,13,1,21,0,21,173.84537936783909,43.97696981023147,401894.424873571,5531899.32064443
133,14,1,0,0,0,0.00000000000000,73.07248693457782,402074.652208034,5531787.5872357
133,14,1,1,0,1,12.94579919938606,75.07733704703548,402087.037115989,5531791.35655552
133,14,1,2,0,2,18.96756913950365,74.89339355428000,402092.906485411,5531792.70274116
133,14,1,3,0,3,28.38594419059947,75.15459655201074,402101.899005535,5531795.50280731
133,14,1,4,0,4,38.42007644740077,73.88905884171450,402111.699237048,5531797.65670435
133,14,1,5,0,5,46.83441519310372,79.63565168577938,402119.614808654,5531800.51061792
133,14,1,6,0,6,53.67388621986202,91.96718114347468,402126.453431742,5531800.61831277
133,14,1,7,0,7,60.69906665378488,97.10433807611120,402133.453597108,5531800.02599109
133,14,1,8,0,8,66.32038717565575,100.23290786039333,402138.999881975,5531799.11058485
133,14,1,9,0,9,69.11889959986348,101.09372301242919,402141.746100696,5531798.57211059
134,15,1,0,0,0,0.00000000000000,326.45875234944594,402039.543686352,5531786.13335521
134,15,1,1,0,1,5.74983610502346,335.89117960481514,402036.366688224,5531790.92577611
134,15,1,2,0,2,8.08770753906507,335.40754193658654,402035.774366539,5531793.187368
134,15,1,3,0,3,12.26981909913169,326.89502367162521,402033.4050798,5531796.63360326
134,15,1,4,0,4,14.42169590888881,354.79248772256801,402032.274283856,5531798.46441574
134,15,1,5,0,5,23.32135762891629,18.06069865408464,402035.50512941,5531806.75691932
134,15,1,6,0,6,33.62663517281748,11.07700578450931,402038.143653279,5531816.71869311
134,15,1,7,0,7,51.37938917273542,3.24435194484666,402040.405245166,5531834.32680138
134,15,1,8,0,8,58.81111430260592,1.15935246641019,402040.297550314,5531841.75774615
134,15,1,9,0,9,75.47513095621689,3.08090396342352,402041.212956554,5531858.39660075
134,15,1,10,0,10,79.06094097657454,3.01278750799624,402041.401422545,5531861.97745457
135,16,2,0,0,0,0.00000000000000,322.91245561364548,402076.859952495,5531812.62628874
135,16,2,1,0,1,11.34034971165305,323.90022221501641,402070.021329407,5531821.67265629
135,16,2,2,0,2,19.76605244324176,326.02146525585562,402065.175061077,5531828.56512681
135,16,2,3,0,3,24.82942872009092,325.85286437964749,402062.428842356,5531832.81907345
135,16,2,4,0,4,36.99191618587883,324.30433759581229,402055.374829564,5531842.72699982
135,16,2,5,0,5,47.63356268752204,323.32626574783268,402049.128528161,5531851.34258796
135,16,2,6,0,6,55.70025935127338,324.85919080493153,402044.228412405,5531857.75043164
135,16,2,7,0,7,60.95776494787280,330.22934726511602,402041.374498832,5531862.16592056
135,16,2,8,0,8,67.85706817411607,333.33495628838091,402038.278271844,5531868.33145083
136,17,4,0,0,0,0.00000000000000,21.08039707965664,402028.316498053,5531845.36552369
136,17,4,1,0,1,10.33000799716125,23.30726503619937,402032.03197044,5531855.00421292
136,17,4,2,0,2,19.69915062905687,24.07699897097763,402036.070527382,5531863.45825879
136,17,4,3,0,3,26.69931599467532,23.83303286365539,402038.762898677,5531869.91994989
136,17,4,4,0,4,33.05901386866133,24.10064326609579,402041.455269971,5531875.68162447
136,17,4,5,0,5,42.37088271743198,24.27149602221738,402045.116894932,5531884.24336518
136,17,4,6,0,6,49.40410689962510,21.83250795026692,402048.132350782,5531890.59736144
136,17,4,7,0,7,55.58531293807838,25.75441033509289,402050.070858114,5531896.46673086
136,17,4,8,0,8,57.45219628258586,36.21506208717384,402051.093959206,5531898.02830621
136,17,4,9,0,9,64.60904386253613,39.80393496396791,402055.617142981,5531903.57459108
136,17,4,10,0,10,69.84222694033340,38.90740672305815,402059.009530812,5531907.55930059
136,17,4,11,0,11,73.29938265339494,38.11271619226479,402061.109580422,5531910.30551931
136,17,4,12,0,12,85.32509344906050,40.91275322480042,402068.648220047,5531919.67497142
136,17,4,13,0,13,100.64087657561193,41.77902292283088,402079.09462067,5531930.87523601
136,17,4,14,0,14,107.51523392004934,41.26991382357073,402083.563957019,5531936.09843632
136,17,4,15,0,15,114.03522113437990,41.31987779635301,402087.925598516,5531940.94470465
136,17,4,16,0,16,120.56498478025755,40.17145417405117,402092.179545162,5531945.89866783
136,17,4,17,0,17,130.85153452918817,39.23002031930246,402098.748931121,5531953.81423944
136,17,4,18,0,18,139.62271659285312,40.13307186988306,402104.241368562,5531960.65286252
136,17,4,19,0,19,150.83798627481457,41.04888149992947,402111.672313335,5531969.05306096
136,17,4,20,0,20,156.79537111808099,41.01988077738806,402115.549327999,5531973.57624474
136,17,4,21,0,21,165.98941502770217,38.48807234917529,402121.634087125,5531980.46871525
136,17,4,22,0,22,172.93761111325443,35.53767778778957,402125.672644067,5531986.12269497
137,18,1,0,0,0,0.00000000000000,41.08842818712683,402009.469898991,5531851.07335083
137,18,1,1,0,1,8.93055946408024,40.31927104265024,402015.339268413,5531857.80427907
137,18,1,2,0,2,19.75496360544592,39.62745048087177,402022.231738928,5531866.15063008
137,18,1,3,0,3,27.59397266379062,42.35239353091671,402027.239549536,5531872.18154178
137,18,1,4,0,4,35.74221098362137,42.23622992374149,402033.001224106,5531877.94321635
137,18,1,5,0,5,44.04327678655732,40.53876815345420,402038.278271844,5531884.35106003
137,18,1,6,0,6,53.04498175078248,41.96326260604827,402044.255336118,5531891.08198827
137,18,1,7,0,7,59.56307864534288,54.56142911343870,402048.643901328,5531895.90133289
137,18,1,8,0,8,61.20343775721678,66.80140947246979,402050.151629253,5531896.547502
138,46,2,0,0,0,0.00000000000000,345.15454791637052,402038.035958427,5531892.21278421
138,46,2,1,0,1,4.62367249164636,7.16767698366677,402036.851315057,5531896.68212056
138,46,2,2,0,2,9.37263692114981,2.66699403804428,402039.166754371,5531900.82837235
138,46,2,3,0,3,17.49717679699950,343.73171586816323,402035.882061391,5531908.25931713
138,46,2,4,0,4,29.97143015136361,352.34218750260624,402033.997401485,5531920.59037766
138,46,2,5,0,5,40.70491199144223,3.74756288424570,402032.758910689,5531931.25216798
138,46,2,6,0,6,49.53342696055312,17.26544165430373,402034.912807725,5531939.8139087
138,46,2,7,0,7,56.94503172861892,19.74121861139533,402037.497484168,5531946.76022664
138,46,2,8,0,8,67.65633916448554,19.13570083572909,402040.997566851,5531956.88354271
138,46,2,9,0,9,80.42851271496734,19.13570083587624,402045.197666071,5531968.94536611
138,46,2,10,0,10,91.13982015085300,20.59100136614682,402048.697748754,5531979.06868218
138,46,2,11,0,11,98.57934434371720,19.64580381884068,402051.4978149,5531985.96115269
138,46,2,12,0,12,107.14650195688020,19.91702547382938,402054.028643917,5531994.14596143
138,46,2,13,0,13,114.55673733881592,19.96669501254193,402056.882557489,5532000.98458451
138,46,2,14,0,14,122.16981887709395,17.24552794652416,402059.144149377,5532008.25398701
138,46,2,15,0,15,128.53976680288241,20.53894376482045,402061.028809283,5532014.33874614
138,46,2,16,0,16,135.19357449668880,21.98178060063747,402063.721180578,5532020.42350526
138,46,2,17,0,17,142.24614846988266,19.49673905389900,402066.144314743,5532027.04673865
138,46,2,18,0,18,148.56376200001165,18.00048794216996,402068.190516927,5532033.02380292
138,46,2,19,0,19,152.22578287605702,17.53110252996279,402069.267465445,5532036.5238856
138,46,2,20,0,20,160.43358617094208,19.66024812621855,402071.798294462,5532044.33176236
138,46,2,21,0,21,173.44295041981397,19.53537234295588,402076.53686794,5532056.44743318
138,46,2,22,0,22,180.16956948276825,20.52686774294114,402078.583070124,5532062.85527687
138,46,2,23,0,23,185.74115199729115,18.61433932268343,402080.790814586,5532067.97078233
138,46,2,24,0,24,190.67781869099224,16.54617255123725,402081.975457955,5532072.76320323
138,46,2,25,0,25,199.51618105246095,19.20767741904381,402084.883218953,5532081.10955424
139,47,1,0,0,0,0.00000000000000,342.29437814216237,402066.198162169,5531944.87556673
139,47,1,1,0,1,12.03980759590589,342.15352174446218,402062.536537208,5531956.34506845
139,47,1,2,0,2,20.75843586692530,341.64343875128731,402059.844165913,5531964.63757204
139,47,1,3,0,3,30.82214377860329,342.84759430123142,402056.61332036,5531974.16856642
139,47,1,4,0,4,45.85956170354422,344.42097644665012,402052.574763418,5531988.65352399
140,19,2,0,0,0,0.00000000000000,4.76364169089703,401898.894209921,5531929.04442352
140,19,2,1,0,1,6.48408871666020,5.94432901973370,401899.43268418,5531935.50611463
140,19,2,2,0,2,16.46912072967736,12.20325736100221,401900.671174975,5531945.41404099
140,19,2,3,0,3,21.54450842125832,15.25138930272072,401902.1789029,5531950.26030932
140,19,2,4,0,4,30.72656036881386,14.00902123936709,401904.27895251,5531959.19898202
140,19,2,5,0,5,39.58196560818336,12.38723743341806,401906.540544398,5531967.76072274
140,19,2,6,0,6,45.48679684504278,17.89112250978577,401907.56364549,5531973.57624473
140,19,2,7,0,7,50.92965033178886,20.98233954599811,401909.932932229,5531978.47636049
140,19,2,8,0,8,60.79666769808398,15.34014785469139,401912.679150949,5531987.95350745
140,19,2,9,0,9,68.52841555691984,16.59592795555207,401914.617658282,5531995.43829965
140,19,2,10,0,10,76.77006269932626,16.57822022785366,401917.25618215,5532003.2461764
140,19,2,11,0,11,83.44388581412402,17.32117222628426,401918.925452353,5532009.70786751
140,19,2,12,0,12,87.97539545708932,16.52934181812712,401920.487027704,5532013.96181415
140,19,2,13,0,13,97.86369489500053,15.03848818114771,401922.694772165,5532023.60050339
140,19,2,14,0,14,104.06340232060931,15.60607354193492,401924.525584646,5532029.52372024
140,19,2,15,0,15,114.72029630363807,14.58603948527658,401927.110261089,5532039.86242601
140,19,2,16,0,16,121.52576738805853,15.07345654085221,401928.887226143,5532046.43181197
140,19,2,17,0,17,131.50498992692656,16.86843271156261,401931.471902586,5532056.0705012
140,19,2,18,0,18,141.56869783768514,14.88336401272893,401934.702748139,5532065.60149559
140,19,2,19,0,19,152.81559352678693,11.04094018019596,401936.856645175,5532076.64021789
141,20,1,0,0,0,0.00000000000000,6.31698567981077,401609.652761739,5531696.85432307
141,20,1,1,0,1,7.34089734521814,7.87212157762212,401610.460473128,5531704.15064928
141,20,1,2,0,2,14.57336038738883,9.16700082953928,401611.645116497,5531711.28543321
141,20,1,3,0,3,21.87698513365146,10.47041133569019,401612.775912441,5531718.50098828
141,20,1,4,0,4,28.97938712440307,8.08935111446079,401614.256716653,5531725.44730622
141,20,1,5,0,5,40.15503087241494,7.39926317047441,401615.064428041,5531736.59372338
141,20,1,6,0,6,45.68901652461342,8.25495809248159,401616.087529133,5531742.0323134
141,20,1,7,0,7,52.02221554229080,8.73726896864469,401616.733698244,5531748.33246223
141,20,1,8,0,8,57.90441528164074,10.16799065855667,401617.918341614,5531754.0941368
141,20,1,9,0,9,66.07592849149354,6.98562985813732,401619.156832409,5531762.17125068
141,20,1,10,0,10,75.48490911303186,8.60792707429639,401620.018391224,5531771.54070279
141,20,1,11,0,11,81.97994446405809,9.08884364843867,401621.364576871,5531777.89469904
141,20,1,12,0,12,87.45069453444688,7.34922189764173,401621.956898556,5531783.33328906
141,20,1,13,0,13,109.71789106125082,7.81972221432331,401625.241591535,5531805.35688625
141,20,1,14,0,14,133.92241382061400,7.55708088010765,401628.257047385,5531829.3728382
141,20,1,15,0,15,138.97891362112765,9.41079257498907,401628.957063922,5531834.38064881
141,20,1,16,0,16,144.40709739514892,11.44316830441192,401629.980165014,5531839.71154397
141,20,1,17,0,17,150.35303344778598,6.55160043621908,401631.218655809,5531845.52706597
141,20,1,18,0,18,156.06187649178031,6.66362852321406,401631.326350661,5531851.23489311
141,20,1,19,0,19,163.16994067408285,10.18821760670726,401632.834078586,5531858.18121105
141,20,1,20,0,20,170.02359907443187,8.25667541784092,401633.803332252,5531864.96598671
141,20,1,21,0,21,175.19435404569205,8.38324848242047,401634.557196215,5531870.08149217
142,21,1,0,0,0,0.00000000000000,58.17255342492180,401629.603233032,5531767.8252304
142,21,1,1,0,1,7.35170211095878,60.01907372090286,401635.849534436,5531771.70224507
142,21,1,2,0,2,16.14467514438173,59.40059828167550,401643.603563764,5531775.84849686
142,21,1,3,0,3,25.71831740553708,50.77808292063358,401651.626830222,5531781.07169717
142,21,1,4,0,4,31.46790136326261,35.74518819169276,401655.665387164,5531785.16410154
142,21,1,5,0,5,35.99524998575405,22.45204932808483,401657.711589348,5531789.20265848
142,21,1,6,0,6,43.30046256236516,20.84279944648741,401659.973181236,5531796.14897642
142,21,1,7,0,7,51.35402874569082,20.87753818032113,401663.204026789,5531803.52607377
142,21,1,8,0,8,66.08353909730148,14.34086675151586,401667.78105799,5531817.5264045
142,21,1,9,0,9,75.17674164719588,12.55621277349937,401669.450328193,5531826.4650772
142,21,1,10,0,10,82.68647903400732,18.16793228293776,401671.334988099,5531833.7344797
142,21,1,11,0,11,88.77600155428340,20.45388124868545,401673.596579987,5531839.38845941
142,21,1,12,0,12,93.13548197036930,19.10635301071395,401675.023536773,5531843.50778749
143,22,1,0,0,0,0.00000000000000,61.69924422952908,401658.977003857,5531786.26797377
143,22,1,1,0,1,5.56533400907795,59.65928326167264,401663.877119613,5531788.90649764
143,22,1,2,0,2,13.40804106237098,57.71834526500036,401670.500352998,5531793.10659686
143,22,1,3,0,3,20.78828211473473,57.23167123964736,401676.746654401,5531797.03745895
143,22,1,4,0,4,25.88106450657402,57.41586777190126,401681.000601047,5531799.83752509
143,22,1,5,0,5,32.72477364942837,59.34999430120406,401686.816123043,5531803.44530263
143,22,1,6,0,6,44.53995910200650,59.22842578485214,401697.100981389,5531809.26082463
143,22,1,7,0,7,63.41000567074652,57.94262426798844,401713.093666879,5531819.27644584
144,44,2,0,0,0,0.00000000000000,39.63436907453891,401752.994609465,5531830.26132072
144,44,2,1,0,1,13.84413026099083,41.60558211356008,401761.825587311,5531840.92311105
144,44,2,2,0,2,26.10834697514990,41.74528672204601,401770.279633176,5531849.80793632
144,44,2,3,0,3,40.71083167920986,40.54106941969397,401779.649085282,5531861.00820091
144,44,2,4,0,4,57.23462303771420,40.94192346415270,401790.526265312,5531873.44695629
144,44,2,5,0,5,68.95667708350049,45.30728942072172,401798.172599789,5531882.33178156
144,44,2,6,0,6,71.63176170607318,45.04962817233796,401800.218801973,5531884.05489919
144,44,2,7,0,7,86.64824386845773,40.66081969084927,401809.911338633,5531895.52440091
144,44,2,8,0,8,95.65477919661228,41.30897192744907,401815.834555481,5531902.30917657
144,44,2,9,0,9,105.00083726467454,41.25986869104293,401822.027009459,5531909.30934193
144,44,2,10,0,10,119.27558573046456,40.62981366739211,401831.396461564,5531920.07882711
144,44,2,11,0,11,124.77751745243005,44.46387214717057,401834.950391673,5531924.27892633
144,44,2,12,0,12,131.87435487719404,49.76400725682378,401840.281286837,5531928.96365239
144,44,2,13,0,13,140.48607186605307,51.00734671423120,401846.958367647,5531934.4022424
144,44,2,14,0,14,155.34581516483399,50.33133545397934,401858.535564214,5531943.71784708
144,44,2,15,0,15,167.03281562433463,50.78967758839060,401867.420389486,5531951.31033413
144,44,2,16,0,16,175.97294792264242,51.04424657660600,401874.474402278,5531956.80277157
144,44,2,17,0,17,191.71998294352153,50.26531317401806,401886.536225678,5531966.92608764
144,44,2,18,0,18,206.71569347254876,50.67792663174856,401898.113422245,5531976.45708202
144,44,2,19,0,19,218.73344493298509,51.29257286154344,401907.429026925,5531984.04956907
144,44,2,20,0,20,225.52014344528564,51.76617482283380,401912.759922088,5531988.24966829
145,23,1,0,0,0,0.00000000000000,28.81079374107102,401769.687311491,5531793.48352884
145,23,1,1,0,1,7.37454210029360,29.76660234760255,401773.2412416,5531799.94521995
145,23,1,2,0,2,18.33629632756817,30.47762509282021,401778.841373893,5531809.36851948
145,23,1,3,0,3,27.74727982761303,30.51514023612042,401783.579947372,5531817.49948079
145,23,1,4,0,4,40.47282907321984,28.95065415703972,401790.095485905,5531828.43050824
145,23,1,5,0,5,48.15510377139634,28.53126880099690,401793.595568588,5531835.26913133
145,23,1,6,0,6,57.10496065410746,29.82292608307205,401798.064904937,5531843.02316066
145,23,1,7,0,7,63.73716253805426,30.70005881999104,401801.349597916,5531848.78483523
145,23,1,8,0,8,77.15641211860628,30.32647434803237,401808.403610708,5531860.20048952
145,23,1,9,0,9,87.61668173764716,27.92828365589400,401813.465268742,5531869.35455192
145,23,1,10,0,10,91.54200765931304,15.71527153784992,401815.242233796,5531872.85463461
145,23,1,11,0,11,97.69971450260677,1.60601789243944,401815.726860629,5531878.99324116
145,23,1,12,0,12,107.17930875396056,357.08461154523434,401815.511470926,5531888.47038811
145,23,1,13,0,13,112.63493266438356,347.42382218917152,401815.080691519,5531893.90897813
145,23,1,14,0,14,117.98564383610525,339.37646861526343,401813.196031613,5531898.91678874
146,24,1,0,0,0,0.00000000000000,18.03114813569252,401757.948572647,5531966.38761338
146,24,1,1,0,1,21.74536141374282,19.53432958015278,401764.679500883,5531987.06502492
146,24,1,2,0,2,32.99547924741953,21.98868335654910,401768.718057825,5531997.56527297
146,24,1,3,0,3,47.08715615779294,22.83793028473050,401774.210495266,5532010.54250261
146,24,1,4,0,4,59.34782601183224,20.63784953543199,401778.949068745,5532021.85046205
146,24,1,5,0,5,77.97654514991946,19.94912328338131,401784.872285593,5532039.51241774
146,24,1,6,0,6,88.32604281960334,22.65122544874252,401788.641605406,5532049.15110698
146,24,1,7,0,7,105.17650189622545,25.09487822894134,401795.480228494,5532064.55147078
146,24,1,8,0,8,113.82182309047556,26.24585793727209,401799.303395732,5532072.30550011
147,25,7,0,0,0,0.00000000000000,7.35237936004732,401654.884599489,5532013.77334817
147,25,7,1,0,1,15.14798053981772,6.46550780757503,401656.823106821,5532028.79677999
147,25,7,2,0,2,26.78027093443461,8.95168184478076,401657.953902764,5532040.37397656
147,25,7,3,0,3,33.33927644189385,11.22469954477517,401659.353935838,5532046.78182024
147,25,7,4,0,4,42.52874631791542,17.26432167190115,401660.969358614,5532055.82818779
147,25,7,5,0,5,48.91483309287974,32.79494842918333,401663.607882483,5532061.64370979
147,25,7,6,0,6,54.63889298120792,53.71821533692786,401667.377202296,5532065.95150386
147,25,7,7,0,7,59.05109730314786,72.99456539435845,401671.415759237,5532067.72846891
147,25,7,8,0,8,65.39893005851162,84.21833630648072,401677.662060641,5532068.85926486
147,25,7,9,0,9,74.87852430986148,88.40146125457559,401687.139207598,5532069.07465456
147,25,7,10,0,10,89.53303968262318,88.44622354585933,401701.785707441,5532069.55928139
147,25,7,11,0,11,99.71248217727359,88.63080540782218,401711.962870935,5532069.7746711
147,25,7,12,0,12,125.99934834987315,88.98863356869148,401738.24041477,5532070.47468763
147,25,7,13,0,13,144.63125802331143,88.00918289222750,401756.871624129,5532070.63622991
147,25,7,14,0,14,161.46277818996106,87.62977033933376,401773.672021007,5532071.65933101
147,25,7,15,0,15,181.12180894411267,88.54445829528854,401793.326331458,5532072.09011041
147,25,7,16,0,16,190.44130352131771,88.65144339421273,401802.641936137,5532072.35934754
147,25,7,17,0,17,214.13808676687495,88.95837332481130,401826.33480353,5532072.79012695
148,26,1,0,0,0,0.00000000000000,6.20982614711230,401635.984153,5531879.04708859
148,26,1,1,0,1,10.45389216624090,6.92621289835962,401637.114948944,5531889.43964179
148,26,1,2,0,2,27.45919571805037,8.30761313216036,401639.376540831,5531906.29388609
148,26,1,3,0,3,38.85273081378875,8.16250298699516,401641.153505886,5531917.5479981
148,26,1,4,0,4,50.63449345699648,8.02628507934829,401642.661233811,5531929.23288952
148,26,1,5,0,5,65.94175492543468,8.50182676532065,401644.976673124,5531944.36401619
148,26,1,6,0,6,76.00906367987318,6.62945583568090,401646.430553623,5531954.32578999
148,26,1,7,0,7,85.35961918356824,7.82227680557695,401647.238265012,5531963.64139466
148,26,1,8,0,8,99.00439115525339,8.34224573751311,401649.769094029,5531977.04940371
148,26,1,9,0,9,110.86183398256698,7.35807318658863,401651.007584824,5531988.84198998
148,26,1,10,0,10,129.32961709155586,8.72075956916439,401653.807650971,5532007.09626736
149,39,3,0,0,0,0.00000000000000,12.49342902933032,402095.087306159,5531601.84054009
149,39,3,1,0,1,18.91762076966546,12.41625815396020,402099.179710527,5531620.31020718
149,39,3,2,0,2,31.26466057410532,12.85300898761054,402101.818234396,5531632.37203057
149,39,3,3,0,3,48.03474092172116,13.75636309580005,402105.69524906,5531648.68780062
149,39,3,4,0,4,54.86509109389574,14.86181063436669,402107.364519263,5531655.311034
149,39,3,5,0,5,64.08873234477277,14.59600426035379,402109.841500854,5531664.19585928
149,39,3,6,0,6,71.18046082158642,15.15671349147860,402111.510771057,5531671.08832979
149,39,3,7,0,7,76.24011350036179,12.23220512646586,402112.964651556,5531675.93459812
149,39,3,8,0,8,79.82693415234976,15.09551397087483,402113.449278389,5531679.48852823
149,39,3,9,0,9,83.49686436962043,12.38158389210663,402114.849311462,5531682.88091606
149,39,3,10,0,10,86.13758517832638,10.50700379555969,402114.957006314,5531685.51943993
149,39,3,11,0,11,90.17326923572325,16.78769858188130,402116.249344535,5531689.34260717
149,39,3,12,0,12,96.24681968007836,8.64231973120668,402117.810919886,5531695.21197659
149,39,3,13,0,13,98.83373879346485,18.60521660112870,402117.918614738,5531697.79665303
149,39,3,14,0,14,100.34242797257563,20.81290199765265,402118.780173552,5531699.03514383
149,39,3,15,0,15,106.25339410134058,13.41926249635270,402119.480190089,5531704.90451325
149,39,3,16,0,16,111.12532160716984,15.62157883971466,402121.149460291,5531709.48154445
149,39,3,17,0,17,116.94408351715390,11.86737760892743,402122.280256235,5531715.1893716
149,39,3,18,0,18,120.41922467598587,11.91937009090898,402123.034120198,5531718.58175943
149,39,3,19,0,19,126.73431340980260,20.30996977181697,402124.272610993,5531724.77421341
149,39,3,20,0,20,130.25422206798731,17.82509940783592,402125.995728622,5531727.84351668
149,39,3,21,0,21,134.64270468943366,12.20625694750476,402126.480355455,5531732.20515818
149,39,3,22,0,22,140.02367663860886,13.68718843004644,402128.149625657,5531737.32066364
149,39,3,23,0,23,146.35321193472242,15.13388327509696,402129.172726749,5531743.56696504
149,39,3,24,0,24,152.52338449858664,12.86467676531213,402131.380471211,5531749.32863961
149,39,3,25,0,25,158.35906434312014,10.59291459356834,402131.865098044,5531755.14416161
149,39,3,26,0,26,163.69213471708514,16.69416780296724,402133.372825969,5531760.25966707
149,39,3,27,0,27,167.01369606225552,14.72260995632736,402134.342079635,5531763.4366652
149,39,3,28,0,28,173.74203912588254,12.20733717220916,402135.795960134,5531770.00605115
149,39,3,29,0,29,180.51162649021612,13.30325825064384,402137.195993207,5531776.62928454
149,39,3,30,0,30,193.48092182178200,12.21634436698224,402140.480686187,5531789.17573477
149,39,3,31,0,31,203.64368732655043,12.74895508763981,402142.203803815,5531799.19135599
149,39,3,32,0,32,213.76958086896167,15.30354637828749,402144.950022536,5531808.93774008
149,39,3,33,0,33,223.63086625352315,14.00791248655868,402147.480851553,5531818.46873446
149,39,3,34,0,34,232.86534656137269,11.37503588644878,402149.580901162,5531827.46125458
149,39,3,35,0,35,239.96504339008371,12.19814452720214,402150.765544532,5531834.46141995
149,39,3,36,0,36,249.87838228378243,14.84967145558151,402153.296373549,5531844.04626176
149,39,3,37,0,37,258.45974297701673,13.28104929884554,402155.504118011,5531852.33876534
149,39,3,38,0,38,267.25667220616270,12.89647444892809,402157.281083065,5531860.95435349
149,39,3,39,0,39,274.53105886511258,14.30470120590245,402159.05804812,5531868.00836628
149,39,3,40,0,40,286.59877039083534,14.21429208673188,402162.07350397,5531879.6932577
149,39,3,41,0,41,296.19781981015768,13.45239979534336,402164.388943283,5531889.00886238
149,39,3,42,0,42,305.81165906336190,13.20983381415185,402166.542840319,5531898.37831448
149,39,3,43,0,43,321.75859037918906,13.11534513686570,402170.258312705,5531913.88637314
149,39,3,44,0,44,333.46319268559517,14.44740436184670,402172.842989148,5531925.30202743
149,39,3,45,0,45,344.50624820398673,14.67260251234577,402175.912292424,5531935.90997033
149,39,3,46,0,46,355.34711390271036,14.21952195374487,402178.389274015,5531946.46406581
149,39,3,47,0,47,366.62027538807138,13.08766757183153,402181.350882439,5531957.34124584
149,39,3,48,0,48,376.54720571592094,11.48161107714717,402183.235542345,5531967.08762992
149,39,3,49,0,49,385.08062121207843,12.71568004917863,402185.0125074,5531975.43398094
149,39,3,50,0,50,399.47350530886047,13.84672668927774,402188.351047805,5531989.43431167
149,39,3,51,0,51,411.69770120489437,14.00526871350680,402191.366503655,5532001.28074536
149,39,3,52,0,52,431.20950006106523,13.29827291577948,402195.997382282,5532020.23503928
149,39,3,53,0,53,442.09067792769650,13.94273238557690,402198.420516447,5532030.84298218
149,39,3,54,0,54,455.80560778910461,13.89480159814581,402201.974446556,5532044.08944895
149,39,3,55,0,55,464.08761497494999,13.58672917764532,402203.805259036,5532052.16656283
149,39,3,56,0,56,482.48941636922905,13.15324075241774,402208.382290237,5532069.9900608
149,39,3,57,0,57,492.67014057799906,7.31528835471914,402210.482339847,5532079.95183459
149,39,3,58,0,58,497.19844977455568,2.72631099443173,402210.69772955,5532084.47501837
150,27,1,0,0,0,0.00000000000000,43.15238975769789,401861.497172637,5531555.74714353
150,27,1,1,0,1,2.36193249376846,51.43834999018342,401863.112595414,5531557.47026115
150,27,1,2,0,2,13.89697619268566,57.90629834212686,401873.074369204,5531563.28578315
150,27,1,3,0,3,29.33945661618063,54.97645492628364,401885.890056567,5531571.90137129
150,27,1,4,0,4,41.94078975943935,51.06755565525622,401896.06722006,5531579.33231607
150,27,1,5,0,5,47.28010892479864,41.12832751543866,401900.051929576,5531582.88624618
150,27,1,6,0,6,53.05987199204990,38.23617843680816,401903.28277513,5531587.67866708
150,27,1,7,0,7,60.87294607874982,46.34030933735890,401908.559822868,5531593.44034165
150,27,1,8,0,8,66.76081184708708,46.78816718944878,401913.083006642,5531597.20966146
150,27,1,9,0,9,73.50293104513682,44.61850142960587,401917.713885269,5531602.10977722
150,27,1,10,0,10,81.15703532285826,44.28224367681841,401923.20632271,5531607.44067238
150,27,1,11,0,11,84.96766817535696,38.90260337343130,401925.790999153,5531610.24073853
150,27,1,12,0,12,94.70795161114825,33.97043753961664,401931.391131446,5531618.21015756
150,27,1,13,0,13,99.77132788956229,32.84505829324442,401934.137350166,5531622.46410421
151,28,1,0,0,0,0.00000000000000,63.85315876408914,401669.638794182,5531753.42104398
151,28,1,1,0,1,6.59845223164335,67.13043843805850,401675.562011031,5531756.32880498
151,28,1,2,0,2,16.71517843738378,69.88205468028666,401685.093005413,5531759.72119281
151,28,1,3,0,3,29.08673439888097,70.83835513572458,401696.67020198,5531764.08283431
151,28,1,4,0,4,38.12941521301924,73.33319811525480,401705.285790123,5531766.82905303
151,28,1,5,0,5,48.30714850478886,74.64588032564188,401715.086021636,5531769.57527175
151,28,1,6,0,6,56.39251477807214,74.46394936423562,401722.89389839,5531771.67532136
151,28,1,7,0,7,68.10120386585380,78.25532805302052,401734.148010402,5531774.90616691
151,28,1,8,0,8,74.72684462489056,86.03319405108860,401740.71739636,5531775.76772572
151,28,1,9,0,9,81.40414255872760,89.53794728092952,401747.394477171,5531775.82157315
152,29,1,0,0,0,0.00000000000000,90.00000000000000,401834.573459691,5532073.49014348
152,29,1,1,0,1,16.47731232305523,88.19936094194414,401851.050772014,5532073.49014348
152,29,1,2,0,2,31.90814697332890,87.60509163626477,401866.451135819,5532074.45939715
152,29,1,3,0,3,44.88816922920574,88.81146138864126,401879.428365459,5532074.72863428
153,30,7,0,0,0,0.00000000000000,89.99999999726253,401887.182394788,5532075.53634566
153,30,7,1,0,1,19.49276817316422,89.44914694146026,401906.675162961,5532075.53634566
153,30,7,2,0,2,30.69510362216960,88.37150913261604,401917.875427547,5532075.75173537
153,30,7,3,0,3,50.74052664698742,87.60215701964606,401937.906669979,5532076.50559933
153,30,7,4,0,4,72.94924450837476,88.33256468635820,401960.091809446,5532077.52870042
153,30,7,5,0,5,90.72020039713456,88.63858099854320,401977.861459991,5532077.74409013
153,30,7,6,0,6,116.58317006420828,88.52543826176462,402003.708224419,5532078.65949637
153,30,7,7,0,7,146.74162263535368,88.40340225323860,402033.862782919,5532079.1441232
153,30,7,8,0,8,173.90208490580136,88.11005725332836,402061.001885569,5532080.22107172
153,30,7,9,0,9,202.55883302659959,88.17915273786012,402089.648716144,5532080.97493568
153,30,7,10,0,10,219.90974040454384,87.75083082582987,402106.987587281,5532081.62110479
153,30,7,11,0,11,255.15595545594863,88.25187007016999,402142.203803815,5532083.07498529
153,30,7,12,0,12,282.40807332996746,88.58443337576252,402169.450601316,5532083.61345955
153,30,7,13,0,13,307.83523607921677,88.65148184076899,402194.866586338,5532084.36732351
153,30,7,14,0,14,323.29179240366483,89.00191665479272,402210.320797569,5532084.63656064
154,31,1,0,0,0,0.00000000000000,16.27626294100485,402214.251659659,5532068.64387515
154,31,1,1,0,1,7.68510492567037,22.03009467775049,402216.405556695,5532076.0209725
154,31,1,2,0,2,13.34549142193396,37.52221416126898,402219.044080563,5532081.02878311
154,31,1,3,0,3,19.13753241259397,66.56645510312194,402223.298027209,5532084.9596452
154,31,1,4,0,4,29.61109899011984,87.93620414910104,402233.744427832,5532085.71350916
154,31,1,5,0,5,44.41914111054115,88.93945180219529,402248.552469953,5532085.71350916
154,31,1,6,0,6,66.24230108925306,88.51190310427620,402270.360677439,5532086.52122055
154,31,1,7,0,7,120.36499147260328,89.14490260416181,402324.477340461,5532087.32893193
155,32,2,0,0,0,0.00000000000000,30.34324887551321,402034.185867475,5532087.54432164
155,32,2,1,0,1,2.55817780655451,24.89164185200348,402035.478205696,5532089.7520661
155,32,2,2,0,2,8.38266745963954,17.64598149137729,402037.416713028,5532095.24450354
155,32,2,3,0,3,12.91673583164923,18.77351880842835,402038.655203824,5532099.60614504
155,32,2,4,0,4,18.30632250995240,13.44476918281744,402040.647558582,5532104.61395565
155,32,2,5,0,5,20.68537954618283,14.46140998924186,402040.862948285,5532106.98324239
155,32,2,6,0,6,26.03798702905321,14.56609121813872,402043.016845321,5532111.88335814
155,32,2,7,0,7,30.04048470510047,27.51962739377775,402043.393777302,5532115.86806766
155,32,2,8,0,8,31.45391552920703,21.64763584065823,402044.47072582,5532116.7834739
155,32,2,9,0,9,34.37957061016697,4.73116110592829,402044.147641265,5532119.6912349
155,32,2,10,0,10,37.34558146004412,13.00824347163899,402044.955352653,5532122.54514847
155,32,2,11,0,11,43.41889319561544,13.31560290833393,402046.032301171,5532128.52221274
155,32,2,12,0,12,49.70614225512884,13.45435492126633,402047.809266225,5532134.55312444
155,32,2,13,0,13,52.66334169892000,25.54638583117458,402048.347740484,5532137.46088544
155,32,2,14,0,14,54.64913664645240,20.30064732523468,402049.640078706,5532138.96861337
155,32,2,15,0,15,58.25691418143644,18.20818926012088,402049.640078706,5532142.5763909
155,32,2,16,0,16,62.33867693194976,27.95125404695956,402052.063212871,5532145.86108388
155,32,2,17,0,17,66.05141692246970,23.83235984390528,402053.301703666,5532149.36116656
155,32,2,18,0,18,69.47231807974492,25.58365345661276,402054.917126443,5532152.37662241
155,32,2,19,0,19,73.33284430268262,25.19814611857254,402056.424854368,5532155.93055252
155,32,2,20,0,20,76.60825534845276,23.11614272799356,402057.932582293,5532158.83831352
155,32,2,21,0,21,84.11779967936762,27.60453091863643,402060.355716458,5532165.94617374
155,32,2,22,0,22,86.65948944652736,19.43695237017217,402061.863444383,5532167.99237592
155,32,2,23,0,23,89.13881112501012,17.01217241328299,402061.971139235,5532170.46935751
155,32,2,24,0,24,91.91861114633925,24.55732166580698,402063.425019734,5532172.83864425
155,32,2,25,0,25,97.62364363670665,14.90248705020465,402065.148137363,5532178.27723427
155,32,2,26,0,26,100.92945460286776,20.88195246963939,402065.848153899,5532181.50807982
155,32,2,27,0,27,104.64297548267064,20.35183122121535,402067.67896638,5532184.73892537
155,32,2,28,0,28,112.98567796977441,26.85891576775895,402069.294389156,5532192.92373411
155,32,2,29,0,29,117.44462200982368,22.15767119066711,402072.309845006,5532196.20842709
155,32,2,30,0,30,120.94636114454786,18.17733985229758,402072.417539858,5532199.70850977
155,32,2,31,0,31,124.74021706584389,22.54188284657567,402074.571436894,5532202.83166047
155,32,2,32,0,32,127.69741650963506,19.59871477982831,402075.109911153,5532205.73942147
155,32,2,33,0,33,130.27591555257570,16.99801687617392,402076.348401948,5532208.00101336
155,32,2,34,0,34,133.19611463050049,5.29008120457102,402076.617639078,5532210.90877436
156,45,33,0,0,0,0.00000000000000,23.68208772335538,401710.670532712,5532077.20561587
156,45,33,1,0,1,6.70308537829209,22.45634943192364,401713.362904007,5532083.34422242
156,45,33,2,0,2,14.73285425945241,20.36956006337240,401716.270665005,5532090.82901462
156,45,33,3,0,3,24.73007517816101,22.00558421972239,401719.60920541,5532100.25231415
156,45,33,4,0,4,33.42905975034022,22.62212367566102,401723.216982945,5532108.16788575
156,45,33,5,0,5,43.15996156129859,20.99604670220903,401726.663218202,5532117.26810073
156,45,33,6,0,6,54.59959341365398,25.27093383923512,401730.809469996,5532127.92989106
156,45,33,7,0,7,64.72520060162698,30.81536962722031,401735.763433178,5532136.7608689
156,45,33,8,0,8,75.49603188090887,29.09188231907068,401741.525107748,5532145.86108388
156,45,33,9,0,9,90.81295086925147,8.30725065641710,401748.202188559,5532159.64602491
156,45,33,10,0,10,99.54155050859470,353.92256790382993,401746.802155486,5532168.26161305
156,45,33,11,0,11,106.92827122775964,355.70565789637550,401746.425223505,5532175.6387104
156,45,33,12,0,12,113.47577280450680,357.54507103766372,401745.779054394,5532182.15424893
156,45,33,13,0,13,121.66129002834082,1.33150038308923,401745.886749246,5532190.33905766
156,45,33,14,0,14,128.12656996771352,1.90915243289326,401746.102138949,5532196.80074877
157,34,1,0,0,0,0.00000000000000,53.52388158053098,401775.772070616,5532107.25247951
157,34,1,1,0,1,15.66997101566002,55.33941163927586,401788.372368275,5532116.56808419
157,34,1,2,0,2,20.73334729277103,56.97868795145788,401792.626314921,5532119.31430291
157,34,1,3,0,3,31.15807543903467,45.38074701452170,401801.349597915,5532125.02213006
157,34,1,4,0,4,34.33917792217613,33.95905982414839,401803.12656297,5532127.66065393
158,35,1,0,0,0,0.00000000000000,51.69928315559604,401754.394642537,5532120.87587826
158,35,1,1,0,1,12.07635825519818,51.33600149938274,401763.871789494,5532128.36067046
158,35,1,2,0,2,27.81095940483485,47.98635992141456,401776.095155172,5532138.26859683
158,35,1,3,0,3,34.74076956457666,44.02595749628608,401780.995270928,5532143.16871258
158,35,1,4,0,4,45.94155190195922,45.42718325660720,401788.641605405,5532151.35352132
158,35,1,5,0,5,51.39292232829040,56.00321251008384,401792.680162346,5532155.01514628
158,35,1,6,0,6,54.98135939318958,44.14571290460625,401795.9110079,5532156.57672163
158,35,1,7,0,7,59.99495670352376,34.77663069612545,401797.957210084,5532161.15375283
158,35,1,8,0,8,64.67844472069972,47.35110194472044,401801.295750489,5532164.43844581
158,35,1,9,0,9,66.74017539479838,49.23639480653670,401802.85732584,5532165.78463146
159,48,1,0,0,0,0.00000000000000,8.06452155924427,401559.628503084,5531354.41161811
159,48,1,1,0,1,39.91877873902880,8.80765430802664,401565.228635377,5531393.93562871
159,48,1,2,0,2,57.11913346338338,8.39974270727819,401568.082548949,5531410.89756787
159,48,1,3,0,3,69.49525883267094,7.81915840553222,401569.6441243,5531423.17478097
159,48,1,4,0,4,84.62676875916100,8.37018549291992,401571.851868761,5531438.14436537
159,48,1,5,0,5,96.49130094603824,8.35075253252278,401573.57498639,5531449.88310422
160,36,1,0,0,0,0.00000000000000,8.09077787147028,401574.382697778,5531455.0524571
160,36,1,1,0,1,11.09531404538921,8.10401249600618,401575.944273129,5531466.03733198
160,36,1,2,0,2,45.03615432864854,7.97947516780840,401580.736694034,5531499.63812574
160,36,1,3,0,3,63.19096389906590,8.55997161524813,401583.213675625,5531517.62316599
160,36,1,4,0,4,74.21233632822177,8.20162818205580,401584.990640679,5531528.50034602
160,36,1,5,0,5,89.84108208764934,8.29366927853100,401586.929148011,5531544.00840468
160,36,1,6,0,6,108.83846615204592,9.39496835909190,401590.052298713,5531562.74730889
160,36,1,7,0,7,120.13423924884304,7.92370813095900,401591.883111193,5531573.89372605
160,36,1,8,0,8,127.72195108971668,7.55640914676030,401592.744670008,5531581.43236567
160,36,1,9,0,9,139.97516919299838,7.67544401455908,401594.575482488,5531593.5480365
160,36,1,10,0,10,158.73672823818231,8.15013580098287,401596.78322695,5531612.17924586
160,36,1,11,0,11,171.40461414186620,9.17605039076477,401598.88327656,5531624.67184866
160,36,1,12,0,12,186.17147915768433,8.43440228540209,401601.144868447,5531639.26450108
160,36,1,13,0,13,198.46238265672517,7.60369614887816,401602.867986076,5531651.43401933
160,36,1,14,0,14,214.90596181597419,7.22702396382531,401604.91418826,5531667.74978938
160,36,1,15,0,15,227.60939016566385,8.19025877756935,401606.529611036,5531680.35008704
160,36,1,16,0,16,235.46170385464629,9.07475802170769,401607.768101832,5531688.10411636
161,41,1,0,0,0,0.00000000000000,63.73597466493172,401798.118752362,5531985.23421244
161,41,1,1,0,1,13.75061261930297,64.50433013986746,401810.449812891,5531991.31897156
161,41,1,2,0,2,36.27821594912897,63.28629816146428,401830.91183473,5532000.74227109
161,41,1,3,0,3,47.26691755611384,63.34855827648954,401840.550523965,5532006.01931883
161,41,1,4,0,4,69.77204964809384,65.68414992183018,401861.012545804,5532015.38877094
161,41,1,5,0,5,83.92163274142244,64.63608721172047,401873.935928018,5532021.15044551
161,41,1,6,0,6,104.53528261184766,64.68423205790435,401892.351747673,5532030.41220276
161,41,1,7,0,7,125.50814646634896,63.76511487107026,401911.521431291,5532038.92009605
161,41,1,8,0,8,142.30276065485057,62.83340977541594,401926.275625986,5532046.94336251
161,41,1,9,0,9,145.89119771974975,64.20397349986578,401929.506471539,5532048.50493786
162,37,1,0,0,0,0.00000000000000,62.63446107838964,401924.39096608,5532002.08845674
162,37,1,1,0,1,12.06590934268018,63.68241116525508,401935.106603832,5532007.63474161
162,37,1,2,0,2,21.65271728872870,64.39977739471324,401943.776039401,5532011.72714597
162,37,1,3,0,3,41.23201453966373,64.01802538167348,401961.384147668,5532020.28888669
162,37,1,4,0,4,59.39009791517724,63.13055580716858,401977.699917713,5532028.25830572
162,37,1,5,0,5,70.27700345431016,62.78622180114796,401987.338606948,5532033.31996376
162,37,1,6,0,6,87.88050032886052,63.45999055477580,402003.062055309,5532041.23553536
162,37,1,7,0,7,94.55106415755397,69.35518735408128,402009.039119583,5532044.19714379
162,37,1,8,0,8,97.05887469717288,66.50331956424864,402011.462253748,5532044.8433129
162,37,1,9,0,9,102.84089484798049,61.94035343574104,402016.362369504,5532047.91261617
162,37,1,10,0,10,109.44549620737725,65.94265055559556,402022.393281204,5532050.60498747
163,38,1,0,0,0,0.00000000000000,51.14390686891700,401675.56201103,5531883.19334037
163,38,1,1,0,1,24.54763529674943,49.27970916698752,401694.677847222,5531898.59370418
163,38,1,2,0,2,39.90586138562088,49.56267413525810,401705.98580666,5531908.98625738
163,38,1,3,0,3,50.33392669078266,49.88426719122370,401714.170615395,5531915.44794848
163,38,1,4,0,4,55.32898295591444,48.05869757698926,401717.886087782,5531918.78648889
164,40,1,0,0,0,0.00000000000000,55.91588242911714,401926.86794767,5531841.94621213
164,40,1,1,0,1,10.85770287893649,56.67650848484204,401935.860467794,5531848.03097126
164,40,1,2,0,2,23.76368514821448,56.17494299395696,401946.737647825,5531854.9772892
164,40,1,3,0,3,31.72618833424030,55.39567810816704,401953.253186358,5531859.5543204
164,40,1,4,0,4,43.62939293921226,56.68054707732688,401963.107265296,5531866.23140121
164,40,1,5,0,5,53.84679124255024,55.62662633369768,401971.722853439,5531871.72383865
164,40,1,6,0,6,60.58891044059860,55.56863021923432,401977.161443454,5531875.70854817
164,40,1,7,0,7,67.87822914433994,57.36649715673998,401983.300050006,5531879.63941026
165,42,1,0,0,0,0.00000000000000,81.46923438452464,401901.936589482,5531881.41637531
165,42,1,1,0,1,4.35598717647781,79.51206559535704,401906.244383554,5531882.06254442
165,42,1,2,0,2,12.35174066016760,78.19052928058834,401914.052260308,5531883.78566205
165,42,1,3,0,3,21.24357964697075,79.00614212082068,401922.775543302,5531885.50877968
165,42,1,4,0,4,31.00170789163934,78.87052935607342,401932.360385111,5531887.33959216
165,42,1,5,0,5,39.95690879505986,79.01707595700861,401941.137515532,5531889.11655721
165,42,1,6,0,6,51.45821980729350,79.01266213673972,401952.445474969,5531891.21660682
165,42,1,7,0,7,59.86428418712362,78.22567575320237,401960.684131131,5531892.88587703
165,42,1,8,0,8,68.34504008227846,78.38446674656838,401968.976634718,5531894.66284208
165,42,1,9,0,9,75.31490245826160,78.28986756524564,401975.815257807,5531896.00902773
165,42,1,10,0,10,82.14843570676994,78.14118164299302,401982.492338617,5531897.46290823
165,42,1,11,0,11,87.03788872272122,78.56631872718167,401987.284759522,5531898.43216189
166,43,1,0,0,0,0.00000000000000,72.59069725254908,401904.628960777,5531907.5862243
166,43,1,1,0,1,3.32951745357576,67.84723014267682,401907.805958904,5531908.58240168
166,43,1,2,0,2,11.66178677670601,63.72404615250032,401915.236903677,5531912.35172149
166,43,1,3,0,3,19.24835212033312,65.17820470917316,401922.075526766,5531915.63641447
166,43,1,4,0,4,25.40735374907903,65.51542027194510,401927.702582772,5531918.14031977
166,43,1,5,0,5,33.24881292375668,65.18478950897008,401934.810442989,5531921.45193646
166,43,1,6,0,6,40.09172761985023,66.02963292484198,401941.02982068,5531924.30585004
166,43,1,7,0,7,46.62842587439540,64.94605019513608,401947.033808667,5531926.89052648
166,43,1,8,0,8,52.11901529847916,64.57235944563038,401951.933924423,5531929.36750807
166,43,1,9,0,9,60.31462182302266,64.96573677602792,401959.418716622,5531932.70604848
166,43,1,10,0,10,70.62186873289259,64.54812695207330,401968.680473876,5531937.22923225
166,43,1,11,0,11,83.67961970205965,66.97764777976548,401980.526907572,5531942.72166969
166,43,1,12,0,12,93.66944198700790,65.95315217011481,401989.842512251,5531946.32944723
166,43,1,13,0,13,103.30215049707348,62.72899339587998,401998.431176681,5531950.69108872
166,43,1,14,0,14,110.50367753499575,62.38113192849828,402004.812096649,5531954.02962913
