id,Ordnung,vertex_index,vertex_part,vertex_part_index,distance,angle,xcoord,ycoord
9,1,0,0,0,0.00000000000000,59.67320950774396,401630.413159226,5531767.8514854
9,1,1,0,1,13.50842294016858,57.76577949135262,401642.073083466,5531774.67231064
9,1,2,0,2,26.48269686171787,56.80397609098716,401652.811274564,5531781.95400246
9,1,3,0,3,42.19051287760948,58.09951486985986,401666.095753466,5531790.33601322
9,1,4,0,4,66.49991392791424,57.28544361393724,401686.811705821,5531803.05593057
9,1,5,0,5,82.04307887599133,58.34148525912186,401699.715969802,5531811.7202221
9,1,6,0,6,98.07765945071966,59.22891080683124,401713.680226895,5531819.60104046
9,1,7,0,7,115.16114464675654,58.40440298288328,401728.151437217,5531828.6801119
9,1,8,0,8,129.79900987362961,56.70548281904618,401740.687007941,5531836.23832366
9,1,9,0,9,138.29059368750850,55.34072790917856,401747.600006502,5531841.16959597
9,1,10,0,10,142.61735831296556,56.18298485544476,401751.194765754,5531843.5776238
10,1,0,0,0,0.00000000000000,52.21902082502794,401631.012285768,5531805.55613172
10,1,1,0,1,9.85457313863716,51.56671367074050,401638.800930813,5531811.5934838
10,1,2,0,2,25.35127582722604,49.74922252141678,401650.82954831,5531821.3638551
10,1,3,0,3,40.46917461087849,49.40552944343310,401662.16686595,5531831.36465968
10,1,4,0,4,50.84276823555718,52.53642136398200,401670.139857624,5531838.0011383
10,1,5,0,5,58.84700033634960,54.84582236747832,401676.684162929,5531842.60980401
1,6,0,0,0,0.00000000000000,343.00917670828460,401749.528065863,5531485.28807043
1,6,1,0,1,7.85339235138492,345.80852043810245,401747.23315905,5531492.79867454
1,6,2,0,2,14.98288999357452,349.31507577398054,401745.824920779,5531499.78770893
1,6,3,0,3,20.70234859974725,354.49962859568654,401744.833938292,5531505.42066201
1,6,4,0,4,29.46611701573291,4.32101816191150,401744.677467373,5531514.18303348
1,6,5,0,5,41.58203702651093,15.42320800644802,401746.71158932,5531526.1269803
1,6,6,0,6,50.53178453644550,31.59635852149149,401749.945321647,5531534.47209598
1,6,7,0,7,59.72754848382940,30.11212040668414,401756.099844462,5531541.30465944
1,6,8,0,8,68.23824966857002,24.58831490251482,401758.759850085,5531549.38899026
1,6,9,0,9,78.27436808744621,34.26617428165216,401763.923390413,5531557.9948908
1,6,10,0,10,86.82874769760770,32.06682160175512,401769.139087714,5531564.77529729
1,6,11,0,11,94.75935222428122,20.73665459349620,401772.685761878,5531571.86864562
1,6,12,0,12,103.07131497179678,22.86509679965282,401774.824197772,5531579.90081947
1,6,13,0,13,110.29877354960195,34.79805326005912,401778.527342855,5531586.10749925
1,6,14,0,14,118.46063159326808,38.82361896536958,401783.63872621,5531592.47064996
1,6,15,0,15,125.02599092118921,28.36658053349275,401787.759127077,5531597.58203332
1,6,16,0,16,129.95779057861384,15.88740981527763,401789.271679295,5531602.27616089
1,6,17,0,17,141.88669578481543,7.26050373812038,401792.14031281,5531613.85500889
1,6,18,0,18,151.74491559376443,2.63657014339186,401792.244626756,5531623.71267679
1,6,19,0,19,164.56588040429676,0.24821092343533,401793.287766216,5531636.49113518
1,6,20,0,20,174.60660571819815,352.76774546986559,401792.557568594,5531646.505274
1,6,21,0,21,199.41540313832709,350.32153567496960,401788.124225888,5531670.91473737
1,6,22,0,22,216.63352512745843,353.51832507172298,401785.412063292,5531687.91791057
1,6,23,0,23,230.43493430699948,350.24005705978681,401784.473237778,5531701.68735144
1,6,24,0,24,240.50811894686851,347.88247983855035,401781.761075181,5531711.38854842
1,6,25,0,25,250.95306555769491,353.80603410306469,401780.196365991,5531721.71562907
1,6,26,0,26,260.46624579705559,351.72823691245594,401779.570482315,5531731.20819816
1,6,27,0,27,268.48825275580845,345.06301423403670,401777.797145233,5531739.03174411
1,6,28,0,28,274.87295652858063,346.83369239594504,401775.919494205,5531745.13410996
1,6,29,0,29,279.10024621095459,351.47438082661006,401775.241453556,5531749.3066678
1,6,30,0,30,288.68195203605381,350.88820056516482,401773.93752923,5531758.79923688
1,6,31,0,31,299.65885757335269,346.56043591981114,401771.955564256,5531769.5957303
1,6,32,0,32,303.52058746842386,338.37409685762356,401770.860267823,5531773.29887538
1,6,33,0,33,309.88843911667084,338.58254390192860,401767.991634307,5531778.98398544
1,6,34,0,34,317.05276467168335,342.14309431857555,401766.009669333,5531785.86870588
1,6,35,0,35,322.48034869680197,334.66456051332631,401764.184175278,5531790.98008923
1,6,36,0,36,332.09606346372630,324.70408572677189,401759.229262842,5531799.22089097
1,6,37,0,37,338.72738724262712,325.62457365012244,401755.004548029,5531804.33227432
1,6,38,0,38,345.89569861925241,334.35723629436654,401751.510030837,5531810.59111108
1,6,39,0,39,351.30017788850540,349.86908096265216,401749.47590889,5531815.59818049
1,6,40,0,40,357.77100663242311,1.68251219563276,401749.684536782,5531822.06564514
1,6,41,0,41,365.64947235526222,5.13178819360811,401749.893164674,5531829.94134807
1,6,42,0,42,371.13761533442914,6.18636702272562,401750.727676242,5531835.36567326
1,6,43,0,43,378.55876634761950,2.26087274702489,401751.197088999,5531842.77196343
1,6,44,0,44,385.23567379515902,346.81992266811613,401751.301402945,5531849.44805597
1,6,45,0,45,394.91637892250662,336.55811669000940,401746.868060239,5531858.05395652
1,6,46,0,46,402.83496867487736,337.74559744590056,401744.208054616,5531865.51240366
1,6,47,0,47,414.73601963853025,334.39816743483073,401739.200985207,5531876.30889707
1,6,48,0,48,425.79231377853887,334.03060870660340,401734.298229744,5531886.21872194
1,6,49,0,49,434.23723481065082,337.87496540174880,401730.647241634,5531893.83364
1,6,50,0,50,443.70455155341966,335.40892168774610,401727.622137199,5531902.80463936
1,6,51,0,51,451.09319016020157,328.86153606393742,401723.866835143,5531909.16779007
1,6,52,0,52,459.12637998371935,332.87503913564990,401719.642120329,5531916.00035353
1,6,53,0,53,463.75632131002146,341.75385658801122,401717.868783247,5531920.27722532
1,6,54,0,54,474.98946098836905,339.12699878972239,401715.15662065,5531931.17803267
1,6,55,0,55,492.67398241882194,334.01918264166147,401706.915818915,5531946.82512458
1,6,56,0,56,499.42080491234958,344.10900155748232,401704.151499346,5531952.97964739
1,6,57,0,57,505.73503068908985,355.62595309047634,401703.316987778,5531959.23848415
1,6,58,0,58,513.50799471877008,354.15564616991981,401703.160516859,5531967.00987313
1,6,59,0,59,530.90881476193977,355.68694761180410,401699.978941505,5531984.11736028
1,6,60,0,60,538.73670592108704,0.82316479999260,401700.23972637,5531991.94090623
1,6,61,0,61,550.10704566195091,5.96041687550198,401700.187569397,5532003.31112634
1,6,62,0,62,554.80262181468527,356.30993648215542,401701.178551884,5532007.90093997
1,6,63,0,63,561.50027578828269,350.83409689151119,401698.935802045,5532014.2119337
1,6,64,0,64,566.35199580382618,0.79962650505613,401699.040115991,5532019.06253219
1,6,65,0,65,574.48865076041488,1.03600196299863,401699.092272964,5532027.19901998
1,6,66,0,66,583.25490209415750,8.52546860734785,401699.353057829,5532035.96139145
1,6,67,0,67,597.64162573309306,14.90825149669387,401703.160516859,5532049.83514627
1,6,68,0,68,600.98130151364455,15.16800095019011,401703.995028427,5532053.06887859
1,6,69,0,69,611.28359102118168,19.60668816557134,401706.811504969,5532062.97870347
1,6,70,0,70,619.17999137376512,16.47328579842881,401709.94092335,5532070.22852271
1,6,71,0,71,626.37406223647702,19.14252532156229,401711.140533729,5532077.32187104
1,6,72,0,72,632.67621326331744,22.78993887752892,401714.165638163,5532082.85051018
1,6,73,0,73,640.03496884914819,18.99583988359191,401716.304074057,5532089.89170154
1,6,74,0,74,647.13483380719265,21.67348662190679,401718.859765734,5532096.51563711
1,6,75,0,75,654.57337638038950,21.30916847955792,401721.676242276,5532103.40035755
1,6,76,0,76,665.81184257517657,20.64222496565278,401725.588015252,5532113.93606609
1,6,77,0,77,674.57809390860950,22.28207819064048,401728.717433632,5532122.12471086
1,6,78,0,78,683.28971371518196,26.32080772803835,401732.211950824,5532130.10472773
1,6,79,0,79,692.65156347521122,32.78281334196798,401736.749607476,5532138.29337249
1,6,80,0,80,702.71799438617836,32.98102122237825,401742.747659372,5532146.3777033
1,6,81,0,81,707.92586226461367,20.85530103416979,401745.303351049,5532150.91535996
1,6,82,0,82,723.56817238023643,3.58941302295314,401748.641397321,5532166.19735305
1,6,83,0,83,734.04172892480005,355.00206952766075,401747.702571807,5532176.62874765
1,6,84,0,84,745.13879143020483,357.16422407541302,401746.763746293,5532187.68602593
1,6,85,0,85,752.44151271249041,359.18154453808961,401746.659432347,5532194.98800215
2,1,0,0,0,0.00000000000000,12.15494169713544,401713.904853298,5531676.23474861
2,1,1,0,1,6.93589694639894,8.45313350629308,401715.365248542,5531683.01515511
2,1,2,0,2,17.01073555861876,5.45158434725934,401716.19976011,5531693.05537241
2,1,3,0,3,25.77139933813717,4.90879683585066,401717.138585624,5531701.7655869
2,1,4,0,4,35.15277013255038,6.27320472113348,401717.738390814,5531711.12776356
2,1,5,0,5,44.44377766722075,10.06052897240615,401719.172707572,5531720.30739081
2,1,6,0,6,52.87233482259718,13.02643971521660,401720.815652221,5531728.57427103
2,1,7,0,7,65.01105093339424,13.79101274769937,401723.918992115,5531740.30958996
2,1,8,0,8,76.45570400298502,9.26608887362438,401726.448605306,5531751.47118218
2,1,9,0,9,82.16969023836256,5.76263288710457,401727.022332009,5531757.15629224
3,2,0,0,0,0.00000000000000,50.60524246457928,401673.717905595,5531711.77972572
3,2,1,0,1,13.97076877631663,48.95367537901294,401684.514399008,5531720.64641113
3,2,2,0,2,28.66108369031356,49.23816099996666,401695.310892421,5531730.60839298
3,2,3,0,3,42.72036316112438,48.43391666212720,401706.263856752,5531739.42292142
3,2,4,0,4,57.95314622066580,48.96672850800944,401717.164664111,5531750.06294391
3,2,5,0,5,69.36646965265814,46.89622527622642,401726.187820441,5531757.05197829
3,2,6,0,6,70.89978708318780,45.70638960227534,401727.204881415,5531758.1994317
3,2,7,0,7,86.35297929447442,49.40929881544762,401739.018435801,5531768.16141354
3,2,8,0,8,116.53795718845512,43.46781887389548,401761.784954519,5531787.98106329
3,2,9,0,9,119.10195122430267,37.97720616724473,401763.362702952,5531790.00214599
4,1,0,0,0,0.00000000000000,48.81407483489158,401722.289086709,5531695.54586787
4,1,1,0,1,17.74195930294387,48.23573275847068,401735.641271799,5531707.22902983
4,1,2,0,2,43.99225862600940,48.94960531409638,401755.043665758,5531724.91024368
4,1,3,0,3,60.13970705700160,47.23896074326000,401767.457025333,5531735.23732433
4,1,4,0,4,71.20485528430274,44.23610154037704,401775.176257338,5531743.16518423
5,2,0,0,0,0.00000000000000,41.06277483647595,401753.681351281,5531830.3116311
5,2,1,0,1,17.58404413341537,40.70821967204242,401765.232055179,5531843.56983036
5,2,2,0,2,37.74966615402669,41.05698210619102,401778.28937263,5531858.93728859
5,2,3,0,3,64.14117055394868,39.85726529008495,401795.866530736,5531878.62370566
5,2,4,0,4,76.87935821657643,40.23233897738224,401803.700921207,5531888.66779601
5,2,5,0,5,94.86501214442970,41.57673603640665,401815.854270526,5531901.92599527
5,2,6,0,6,109.82295260188988,40.86238806547980,401825.597038162,5531913.27581736
5,2,7,0,7,120.21652371313679,43.64389995818589,401832.427019598,5531921.11020783
5,2,8,0,8,133.71377815092018,48.49208392362478,401842.169787234,5531930.45121185
5,2,9,0,9,157.69918366833872,50.62261032832886,401860.751354375,5531945.61778828
5,2,10,0,10,179.31732364367900,50.58884736315922,401877.42454435,5531959.37819205
5,2,11,0,11,195.02019165941124,50.62679261195318,401889.577893669,5531969.32184149
5,2,12,0,12,211.93158856825923,50.56157271530856,401902.63521112,5531980.06901816
5,2,13,0,13,224.34833501349959,50.58015334476336,401912.227317401,5531987.95362909
6,1,0,0,0,0.00000000000000,48.10602709468162,401722.562910817,5531717.42571805
6,1,1,0,1,14.29377046958263,49.85027106302472,401733.202933311,5531726.97044411
6,1,2,0,2,27.13943044460186,49.13959967536828,401743.269229101,5531734.95046098
6,1,3,0,3,44.70216332390187,44.38383851752126,401756.047687488,5531746.99872174
6,1,4,0,4,56.29768016666972,45.01297800406543,401763.819076466,5531755.60462229
6,1,5,0,5,67.43185020076454,47.94296329245708,401772.085956688,5531763.06306943
7,1,0,0,0,0.00000000000000,66.83466297995528,401669.28456289,5531753.54442186
7,1,1,0,1,11.80004687373142,68.39872640513900,401680.133213275,5531758.18639245
7,1,2,0,2,25.95699052776653,70.50315367728082,401693.433241392,5531763.03699094
7,1,3,0,3,38.64100446227411,72.29175135676014,401705.429345184,5531767.15739181
7,1,4,0,4,48.21291035323422,72.98654390780588,401714.608972433,5531769.86955441
7,1,5,0,5,59.09985860510336,75.13082220791128,401724.988210062,5531773.15544371
7,1,6,0,6,69.98455777152726,77.77010931924832,401735.628232555,5531775.45035052
7,1,7,0,7,72.68024590098366,84.77121274543174,401738.262159692,5531776.02407722
7,1,8,0,8,78.39435115677716,92.50994226742657,401743.973348237,5531775.84152782
7,1,9,0,9,80.62099045887778,93.18913589299412,401746.196539211,5531775.71765501
8,1,0,0,0,0.00000000000000,53.72338064093680,401624.429566103,5531727.88971076
8,1,1,0,1,10.57800120224754,52.76063156878318,401632.95723119,5531734.14854752
8,1,2,0,2,21.79478237160262,54.55001862537188,401641.771759628,5531741.08542493
8,1,3,0,3,31.40147525669599,56.21895223937932,401649.856090444,5531746.27504374
8,1,4,0,4,44.81403409089405,55.61832536695880,401660.861211749,5531753.94211878
8,1,5,0,5,64.63946486505250,54.23916001930810,401677.316736733,5531764.99939705
8,1,6,0,6,78.13885429548186,54.26738328385044,401688.008916199,5531773.24019879
8,1,7,0,7,89.00266474641064,55.18749587451832,401697.03207253,5531779.29040766
8,1,8,0,8,106.04020122640092,54.51847242479438,401710.853670377,5531789.2523895
8,1,9,0,9,121.61060832274896,55.40590410779020,401723.579971791,5531798.22338886
8,1,10,0,10,132.05503402864508,55.19664380966960,401732.23802931,5531804.06496983
8,1,11,0,11,148.98935179955691,54.19415095381026,401746.007470184,5531813.92263773
8,1,12,0,12,151.87028769649118,53.98752186495164,401748.337827439,5531815.61651692
11,1,0,0,0,0.00000000000000,48.45024677884014,401633.735918497,5531846.86506337
11,1,1,0,1,17.77175669426901,49.15167158387310,401647.035946614,5531858.65253927
11,1,2,0,2,57.00579743827174,49.45416279612568,401677.026206094,5531883.94867118
11,1,3,0,3,76.82338824664514,49.39830428995806,401691.995257347,5531896.93575746
11,1,4,0,4,100.47098248968705,50.23203394179404,401710.041570008,5531912.21775055
11,1,5,0,5,109.16278985714014,31.94762096635211,401716.769819526,5531917.7203112
11,1,6,0,6,110.42160031834466,13.17255342568701,401717.056682877,5531918.94600007
12,1,0,0,0,0.00000000000000,10.59733514316694,401658.014989432,5531785.13728582
12,1,1,0,1,4.11230528352452,14.01810770776726,401658.771265541,5531789.17945122
12,1,2,0,2,18.81846767149137,20.49420629177765,401663.17852976,5531803.20967696
12,1,3,0,3,31.67685412778605,15.41334732595706,401668.315991602,5531814.99715286
12,1,4,0,4,46.29423547392048,14.76309299710638,401670.167564143,5531829.49679136
12,1,5,0,5,54.35265659601098,11.79845546678056,401673.218747064,5531836.9552385
12,1,6,0,6,56.56994147482716,1.34788728007476,401673.270904037,5531839.17190985
13,1,0,0,0,0.00000000000000,292.68215261650914,401782.758992834,5531879.6281147
13,1,1,0,1,24.87459075323285,292.50138839025345,401759.808246392,5531889.22022098
13,1,2,0,2,48.54419878277864,292.17680652570772,401737.912129437,5531898.20968184
13,1,3,0,3,58.35025639232914,292.03298888741767,401728.822227673,5531901.88832993
14,1,0,0,0,0.00000000000000,47.64880575830386,401543.571536344,5531159.76815956
14,1,1,0,1,19.97865261745348,32.09589458147508,401558.336349154,5531173.22724063
14,1,2,0,2,30.56123509350182,20.77290483232385,401561.349576258,5531183.37177188
14,1,3,0,3,55.27561693428086,22.41160367377808,401571.795430218,5531205.77009335
14,1,4,0,4,85.49030420575959,19.27817787747037,401582.040402372,5531234.19486903
14,1,5,0,5,103.62677215745121,19.91415708582223,401587.865974773,5531251.37026352
14,1,6,0,6,111.16251786599260,13.84858750074399,401590.577879166,5531258.40112676
14,1,7,0,7,120.76815571841072,11.41251459639593,401591.682729104,5531267.94301259
14,1,8,0,8,132.27466842499072,18.03516252333005,401594.896838015,5531278.99151197
14,1,9,0,9,161.85430133508788,20.32846118173816,401604.940928362,5531306.81364223
14,1,10,0,10,177.97154583204372,21.40374468161974,401610.666059859,5531321.87977775
14,1,11,0,11,188.69617003920243,22.72651645401731,401614.683695998,5531331.8234272
14,1,12,0,12,203.58617404609575,16.91153804281079,401620.609709302,5531345.48339007
14,1,13,0,13,219.20885174605817,12.58375188685762,401623.422054599,5531360.8508483
14,1,14,0,14,224.71480916869527,30.54935745689175,401624.828227248,5531366.17421618
14,1,15,0,15,230.96639817472001,45.65097633533616,401629.348067904,5531370.49317503
14,1,16,0,16,241.90385454244597,43.41008494060317,401637.082017471,5531378.2271246
14,1,17,0,17,252.14685707727261,36.25994621442088,401643.911998906,5531385.86063326
14,1,18,0,18,263.36075896252083,32.19489503851761,401649.637130404,5531395.50295999
14,1,19,0,19,280.92478310056214,28.62116559931706,401659.37989804,5531410.11711145
14,1,20,0,20,289.47111773307068,23.49160579915092,401662.794888758,5531417.95150192
14,1,21,0,21,328.49631887690924,16.57926323834027,401678.313008343,5531453.758684
14,1,22,0,22,332.06303178832997,3.52785697817165,401678.915653764,5531457.27411563
14,1,23,0,23,347.14556373299354,357.73527251818280,401678.21256744,5531472.34025114
14,1,24,0,24,384.32823813530655,355.71628641122112,401677.007276598,5531509.50338543
14,1,25,0,25,392.92459477812190,347.52215433241344,401676.002867564,5531518.04086222
14,1,26,0,26,402.54859455420734,350.38824834360338,401672.98964046,5531527.18098444
14,1,27,0,27,431.98206397996694,349.46356001075299,401672.487435942,5531556.61016915
14,1,28,0,28,436.36708882770250,339.96083114181295,401670.98082239,5531560.7282462
14,1,29,0,29,450.47465643305065,335.65840209733324,401666.159659024,5531573.98644545
14,1,30,0,30,470.97173867894651,328.13819167980404,401656.316450484,5531591.96536717
14,1,31,0,31,485.93515803576349,306.24236947613838,401647.728753238,5531604.2191574
14,1,32,0,32,502.62837877939222,297.45681147131711,401631.808870039,5531609.24120257
14,1,33,0,33,514.45078939116752,315.88440393840847,401622.417645565,5531616.42272717
14,1,34,0,34,541.51583908928535,324.36345124436701,401606.648423721,5531638.41928503
15,2,0,0,0,0.00000000000000,42.78236489314066,401770.417316821,5531467.56930823
15,2,1,0,1,15.60111084111530,48.56351839690740,401781.013832137,5531479.01957122
15,2,2,0,2,29.81669255655175,44.77342724645720,401792.564536035,5531487.30594576
15,2,3,0,3,38.78986611320002,42.31400831508217,401797.737242564,5531494.63813171
15,2,4,0,4,50.29429634162698,54.26631938534506,401806.475601165,5531502.12097902
15,2,5,0,5,64.28139089082930,61.49644605242818,401818.478289129,5531509.30250362
15,2,6,0,6,72.83863756136486,70.11422243120572,401826.162018245,5531513.0690375
15,2,7,0,7,78.36859117685644,56.89956560043466,401831.53560658,5531514.37476924
15,2,8,0,8,86.21343726414702,29.00640946433808,401836.306549495,5531520.60210526
15,2,9,0,9,92.64969318004998,28.74290652027442,401838.566469822,5531526.62855947
15,2,10,0,10,102.26189288922497,37.32984958857631,401844.341821772,5531534.31228858
15,2,11,0,11,119.66021736433204,39.93851002270383,401854.988557539,5531548.07269236
15,2,12,0,12,130.36235941501963,47.92465624017456,401862.170082137,5531556.00752373
15,2,13,0,13,137.40361778084923,59.00151893481360,401867.844993183,5531560.17582122
15,2,14,0,14,146.32096573536978,58.25109540898162,401875.88026546,5531564.04279601
15,2,15,0,15,156.23578539894874,53.56381112258890,401883.71465593,5531570.11947067
15,2,16,0,16,164.88799825730536,52.81077376801694,401890.795739624,5531575.09129539
15,2,17,0,17,178.12801818366748,40.36121313009440,401901.040711778,5531583.47811083
15,2,18,0,18,184.45061150399948,38.19960794140644,401904.204600237,5531588.95214007
15,2,19,0,19,196.31476142798667,46.28591394382736,401912.792297483,5531597.1380737
15,2,20,0,20,209.88302265860389,43.06380168334342,401922.585285571,5531606.52929817
15,2,21,0,21,221.93300119133295,36.35347389896144,401930.319235138,5531615.76986129
15,2,22,0,22,229.81761211351181,31.21447208724811,401934.587973535,5531622.39896092
15,2,23,0,23,237.32989340804804,33.21053025517082,401938.304286964,5531628.92761965
15,2,24,0,24,248.99109960294297,41.49503612606028,401945.284929754,5531638.26862367
15,2,25,0,25,251.49520735591236,46.21887524887370,401947.092866017,5531640.00122925
16,1,0,0,0,0.00000000000000,55.57352341596266,401963.012749216,5531495.86853278
16,1,1,0,1,10.83738265416605,55.72248817161518,401971.951989624,5531501.99542789
16,1,2,0,2,21.75776185646743,56.09069270142986,401980.991670936,5531508.122323
16,1,3,0,3,31.17352737384382,50.01845122677886,401988.826061407,5531513.34524998
16,1,4,0,4,40.76392442988247,44.51505971329011,401995.455161035,5531520.27567232
16,1,5,0,5,47.47563932683634,45.30314944861454,402000.22610395,5531524.99639479
17,6,0,0,0,0.00000000000000,330.08635400824505,402027.897572855,5531456.79702133
17,6,1,0,1,16.91825576177789,336.40653004338401,402019.460536963,5531471.46139324
17,6,2,0,2,31.80190660067092,343.37760960242883,402015.041137211,5531485.67378108
17,6,3,0,3,46.95059599072350,342.43417000201714,402010.872839717,5531500.23771208
17,6,4,0,4,59.49767107855838,338.46995531333141,402006.754762675,5531512.08973869
17,6,5,0,5,73.50494643555288,343.67696074224438,402001.079851629,5531524.89595388
17,6,6,0,6,75.48658717039947,338.30644511249062,402000.778528919,5531526.8545515
17,6,7,0,7,85.55838609714142,329.85902333279114,401995.053397421,5531535.14092604
17,6,8,0,8,103.66291118724826,329.91551125962337,401987.219006951,5531551.46257285
17,6,9,0,9,134.14205047386227,327.02123136385171,401969.943171555,5531576.57279871
17,6,10,0,10,151.09247591172937,335.59028314409153,401961.10437205,5531591.03628881
17,6,11,0,11,170.24827052166486,343.25441475266535,401955.379240553,5531609.31653325
17,6,12,0,12,180.38882313440195,347.45762716995506,401952.566895256,5531619.05930088
17,6,13,0,13,194.21842678110428,346.64301436280988,401950.407415831,5531632.71926375
17,6,14,0,14,201.96898995162573,347.81847868707229,401948.0470546,5531640.10167016
17,6,15,0,15,204.14301932874133,353.79827458242727,401947.795952341,5531642.26114958
17,6,16,0,16,213.63255873401013,357.11453188916170,401946.841763758,5531651.70259451
17,6,17,0,17,232.91721219834236,8.88382023324848,401946.841763758,5531670.98724797
17,6,18,0,18,242.46240143312559,24.36569849947005,401949.754549959,5531680.07714974
17,6,19,0,19,247.73339612047917,18.20204428202396,401952.466454352,5531684.59699039
17,6,20,0,20,255.14920724919369,11.69990406051713,401953.169540676,5531691.9793968
17,6,21,0,21,262.80416163896228,13.95764489730088,401955.529901908,5531699.2613623
17,6,22,0,22,272.38995541884981,9.17959239795912,401957.187176815,5531708.70280722
17,6,23,0,23,285.79204302346437,16.32252340991944,401959.145774433,5531721.96100648
17,6,24,0,24,295.21021895973212,19.03974652361010,401963.012749216,5531730.54870373
17,6,25,0,25,309.27849051699576,13.19056881803326,401966.377519482,5531744.2086666
17,6,26,0,26,330.78392939386009,18.04779199457832,401971.048021493,5531765.20081542
17,6,27,0,27,335.05709671011437,17.02187034194356,401972.755516852,5531769.11801066
17,6,28,0,28,346.08914806369665,11.27818071137508,401974.764334921,5531779.96562823
17,6,29,0,29,359.54410592232347,11.43938096167024,401977.576680218,5531793.12338659
17,6,30,0,30,368.64496079930183,7.04737914280526,401979.284175577,5531802.06262699
17,6,31,0,31,384.44007130705830,2.71692178077731,401980.188143709,5531817.83184884
17,6,32,0,32,411.17622483182765,2.60699629431007,401981.192552743,5531844.54912916
17,6,33,0,33,429.98551046344443,3.72986757725740,401982.196961778,5531863.33157811
17,6,34,0,34,448.31975868793262,8.76636383052809,401983.603134426,5531881.61182254
17,6,35,0,35,463.79059250497130,13.87744814791974,401987.118566048,5531896.67795806
17,6,36,0,36,470.95295156613611,16.37947807270371,401988.92650231,5531903.6083804
17,6,37,0,37,489.34351367976257,18.51942003065755,401994.651633808,5531921.0850976
17,6,38,0,38,508.87791379187689,17.63283803727328,402000.979410726,5531939.56622384
17,6,39,0,39,522.06783526342087,18.72560961597967,402004.695724154,5531952.22177767
17,6,40,0,40,534.77043315678372,15.80354268840285,402009.265785262,5531964.07380428
17,6,41,0,41,549.07259709479763,11.25787118959550,402011.877248752,5531978.13553077
17,6,42,0,42,567.19612766486284,11.47852266389736,402015.643782632,5531995.86335023
17,6,43,0,43,578.55228110067003,9.92137320632341,402017.803262056,5532007.01229051
17,6,44,0,44,591.56470929417003,6.33477451418022,402019.812080126,5532019.86872616
17,6,45,0,45,606.76450790877198,4.61461095459211,402020.81648916,5532035.03530258
17,6,46,0,46,621.59613016712819,9.88152600346181,402022.222661809,5532049.80011539
17,6,47,0,47,624.03221034770900,16.41226249391286,402022.82530723,5532052.16047662
17,6,48,0,48,637.64232339240982,19.17238769263439,402027.144266079,5532065.06713272
17,6,49,0,49,649.92212243638846,18.11625535367799,402031.312563572,5532076.61783662
17,6,50,0,50,662.38084384420029,18.74093992044339,402034.827995194,5532088.57030413
17,6,51,0,51,677.45233525954518,19.23563226164705,402040.251803981,5532102.63203061
17,6,52,0,52,691.23947286791042,12.10119370788484,402044.369881023,5532115.78978897
17,6,53,0,53,703.07488955277177,12.41381200284181,402045.776053671,5532127.54137467
17,6,54,0,54,719.97285891301715,21.19031511159189,402050.998980652,5532143.61191923
17,6,55,0,55,734.08757574527829,23.56372247870514,402056.824553053,5532156.46835487
17,6,56,0,56,747.59304951124545,16.01178905946637,402062.047480033,5532168.9230269
17,6,57,0,57,752.57981645869131,16.85827827939481,402062.851007261,5532173.84463117
17,6,58,0,58,764.71613700068917,18.80074876002942,402067.873052434,5532184.89313055
17,6,59,0,59,772.65859313445219,21.60198899429710,402069.680988696,5532192.62708012
17,6,60,0,60,778.57630147665316,23.03093742649621,402072.643995349,5532197.74956619
17,6,61,0,61,784.21912292370916,20.71157885815361,402074.200829352,5532203.17337498
17,6,62,0,62,788.66696549563221,18.96826291054790,402076.109206518,5532207.19101112
17,6,63,0,63,791.44502362005949,12.52880770876087,402076.711851939,5532209.90291551
67,1,0,0,0,0.00000000000000,0.53214364143103,401692.42495528,5531790.00971858
67,1,1,0,1,16.22190556038438,0.19737197690106,401692.575616636,5531806.23092449
67,1,2,0,2,37.16389414845399,358.87854306158545,401692.525396184,5531827.17285286
67,1,3,0,3,43.99848987519559,357.89448581079978,401692.274293925,5531834.00283429
18,2,0,0,0,0.00000000000000,298.50243607699457,401704.528084148,5531828.2777028
18,2,1,0,1,21.25862034227780,295.74985352180244,401685.846076104,5531838.42223405
18,2,2,0,2,30.64232216379337,303.99863548468858,401677.208158405,5531842.08832703
18,2,3,0,3,34.90366880087066,307.74242579883912,401674.194931301,5531845.10155413
18,2,4,0,4,80.24269707528796,300.48485159491122,401635.123419853,5531868.10252102
19,1,0,0,0,0.00000000000000,49.49045191929266,401644.916407941,5531935.79968996
19,1,1,0,1,13.60705508242774,48.53479971036628,401655.261820998,5531944.63848946
19,1,2,0,2,29.39002557872977,47.90549818527948,401666.9129658,5531955.28522523
19,1,3,0,3,48.91674211260078,47.70580243037474,401681.476896803,5531968.29232223
19,1,4,0,4,59.18691658288596,47.66729942920456,401689.009964563,5531975.27296502
19,1,5,0,5,68.22045775393168,49.64353268260568,401695.739505095,5531981.29941923
19,1,6,0,6,72.54204361831508,51.13222249843262,401699.104275361,5531984.01132362
20,1,0,0,0,0.00000000000000,306.02159876496950,401805.571633034,5531906.21984389
20,1,1,0,1,36.63481270656220,306.74255729820277,401775.941566512,5531927.76441768
20,1,2,0,2,66.68834400988285,307.26316391576017,401752.086851939,5531946.04466211
20,1,3,0,3,96.51946143131902,307.16809719052537,401728.282357818,5531964.02358383
20,1,4,0,4,117.91390436063519,310.78039252612086,401711.25762468,5531976.98046038
20,1,5,0,5,132.19051975632556,314.28740267127534,401701.037762753,5531986.94922005
21,2,0,0,0,0.00000000000000,30.48330004214137,401772.677237149,5531797.94454995
21,2,1,0,1,16.43367886729747,30.09180526734763,401781.013832137,5531812.10671734
21,2,2,0,2,32.44864942598154,30.42616643706667,401788.948663511,5531826.01778247
21,2,3,0,3,48.17559102456914,29.81615078791955,401797.084376692,5531839.47686353
21,2,4,0,4,62.28789539699522,29.35496192605273,401803.813917224,5531851.88131511
21,2,5,0,5,77.74902633277487,28.46058818909775,401811.598087242,5531865.23995527
21,2,6,0,6,87.92309988304008,13.80045608484689,401816.16814835,5531874.32985703
21,2,7,0,7,97.41596091098771,357.18637340007433,401816.318809705,5531883.82152241
21,2,8,0,8,107.12137992284021,351.41373538760217,401815.213959767,5531893.46384914
21,2,9,0,9,112.56335158736015,349.36410442439978,401814.209550732,5531898.81232725
22,1,0,0,0,0.00000000000000,64.45278705922657,401771.245954275,5531772.83432408
22,1,1,0,1,4.42517418538207,54.41416731233858,401775.238480188,5531774.74270125
22,1,2,0,2,17.45856671349786,43.62172131458351,401784.353492177,5531784.05859504
22,1,3,0,3,37.98050465775997,44.30215205892793,401798.314777759,5531799.09962034
22,1,4,0,4,51.79551106506992,44.83223586812029,401808.20820675,5531808.74194707
22,1,5,0,5,68.87939860315367,43.93357549508939,401820.060233359,5531821.04595775
22,1,6,0,6,80.38700719972844,43.83863538504661,401828.045285185,5531829.33233228
22,1,7,0,7,96.51301242917326,42.72210873799134,401839.194225469,5531840.98347708
22,1,8,0,8,106.40146911071876,43.42860543144844,401845.773104646,5531848.36588349
22,1,9,0,9,119.86026908736675,44.62447734267432,401855.314990475,5531857.85754887
22,1,10,0,10,137.90220663980574,43.55226534463736,401867.870103409,5531870.81442541
22,1,11,0,11,153.21680967589387,43.63374624878202,401878.315957369,5531882.01358615
22,1,12,0,12,164.22620486854211,43.33747315131566,401885.999686484,5531889.89819707
22,1,13,0,13,169.73605447950933,45.05424497428166,401889.715999912,5531893.96605366
22,1,14,0,14,175.77964298379200,47.69428429064024,401894.185620117,5531898.03391025
23,3,0,0,0,0.00000000000000,7.20605700184527,401851.046252078,5531672.99606604
23,3,1,0,1,8.80792849797222,5.72835578825123,401852.151102016,5531681.73442464
23,3,2,0,2,23.71418427657424,4.04512545621454,401853.255951954,5531696.59967835
23,3,3,0,3,38.71354602514947,5.52282666961857,401854.260360989,5531711.56537297
23,3,4,0,4,56.32940302201788,7.71638973275133,401856.470060865,5531729.04209017
23,3,5,0,5,64.75267685118210,15.40043027174309,401857.675351707,5531737.37868516
23,3,6,0,6,74.43363778340890,19.65895923563071,401861.391665135,5531746.31792557
23,3,7,0,7,99.18717566803856,18.04612596386231,401868.522969281,5531770.02197879
23,3,8,0,8,113.13255506666124,18.37558783331929,401873.14325084,5531783.17973714
23,3,9,0,9,127.23726196786215,17.11205701115703,401877.361768786,5531796.63881821
23,3,10,0,10,136.26130561292982,16.64591916592938,401879.973232276,5531805.2767359
23,3,11,0,11,148.30625983218067,12.48449365982883,401883.388222994,5531816.8274398
23,3,12,0,12,165.97700927160446,8.29059583356515,401885.999686484,5531834.304157
23,3,13,0,13,183.12183312544107,7.48217820927553,401888.410268167,5531851.27866969
23,3,14,0,14,206.59321968066396,8.74143924739157,401891.222613464,5531874.58095929
23,3,15,0,15,225.70182109329335,7.12668882217108,401894.738045086,5531893.36340824
23,3,16,0,16,230.43215046418700,5.89807733614865,401895.039367796,5531898.08413071
23,3,17,0,17,245.14445015747529,6.47874139302155,401897.123516543,5531912.64806171
23,3,18,0,18,254.72010894180147,21.59778180300250,401897.92704377,5531922.18994754
23,3,19,0,19,261.19075641425076,48.41193466390592,401901.944679909,5531927.26221316
23,3,20,0,20,280.28622056929174,58.12306134074756,401918.21610627,5531937.25608306
23,3,21,0,21,305.92365050655309,57.59092996309566,401939.911341419,5531950.91604593
23,3,22,0,22,336.57199529534267,57.63019343969742,401965.72465361,5531967.43857455
23,3,23,0,23,358.39247816746581,58.36286580985550,401984.205779847,5531979.0394989
23,3,24,0,24,383.92077419756288,58.87453159372108,402006.051676351,5531992.2474777
23,3,25,0,25,395.29822834418650,58.90612458651092,402015.794443987,5531998.12327056
24,3,0,0,0,0.00000000000000,7.04917816741967,401900.011192518,5531930.92830613
24,3,1,0,1,18.82429746385833,10.77790988286566,401902.321333297,5531949.61031418
24,3,2,0,2,41.07836175014404,15.72598248787506,401907.89580344,5531971.15488797
24,3,3,0,3,54.51831546903540,16.67694626366872,401911.812998675,5531984.01132361
24,3,4,0,4,58.78505935406902,16.67621221125423,401913.018289516,5531988.10429043
24,3,5,0,5,66.10872695976288,17.01314948014357,401915.152658715,5531995.11004345
24,3,6,0,6,76.53757542278294,16.75161671088009,401918.216106271,5532005.07880312
24,3,7,0,7,97.32289762291576,14.14652002432922,401924.091899123,5532025.01632245
24,3,8,0,8,106.35490310653380,12.69639706081426,401925.950055838,5532033.85512196
24,3,9,0,9,119.88770751248462,16.75182516290094,401929.113944297,5532047.01288031
24,3,10,0,10,122.23896878047697,18.67767750117633,401929.917471524,5532049.22258019
24,3,11,0,11,131.65808193564945,16.41897105341536,401932.729816821,5532058.21204105
24,3,12,0,12,144.84121357260938,12.10592794313114,401936.245248443,5532070.91781534
24,3,13,0,13,150.12558886614141,8.74616226303503,401937.04877567,5532076.14074232
25,1,0,0,0,0.00000000000000,30.71633644243763,401824.981837629,5531836.23764439
25,1,1,0,1,13.96137590634844,28.41659494015423,401832.113141775,5531848.24033235
25,1,2,0,2,31.18816213393219,26.34095230792794,401839.696429987,5531863.70823149
25,1,3,0,3,54.20891264008930,28.47915691181165,401849.991622592,5531884.2986167
25,1,4,0,4,72.37407420014289,26.74227890941705,401859.181965259,5531899.96739764
25,1,5,0,5,79.41676517156770,28.03034953751979,401861.944090104,5531906.44583591
25,1,6,0,6,90.49091568907885,27.51430521594256,401867.970544312,5531915.73661948
25,1,7,0,7,98.78155025901889,28.92408999554584,401871.08421232,5531923.4203486
25,1,8,0,8,106.76802329121983,32.37585420326697,401875.754714331,5531929.89878687
25,1,9,0,9,115.89447642569928,29.03262260220677,401880.174114083,5531937.88383869
25,1,10,0,10,127.56227731656188,27.35735246575518,401885.849025129,5531948.0785904
25,1,11,0,11,138.36667967199540,26.39123022400526,401890.51952714,5531957.82135803
25,1,12,0,12,144.74546786597290,28.53934654722965,401893.432313341,5531963.49626908
25,1,13,0,13,151.29225803921724,17.48283792585352,401896.696642703,5531969.17118012
25,1,14,0,14,156.98934718642187,5.05724853267782,401897.198847221,5531974.84609117
26,1,0,0,0,0.00000000000000,300.40342447377026,401802.131532091,5531809.92212768
26,1,1,0,1,14.09111061965110,299.69612350141512,401789.978182772,5531817.05343183
26,1,2,0,2,18.33971334653587,304.70745063204572,401786.261869343,5531819.11247035
26,1,3,0,3,20.12094717870460,306.43744347367260,401784.905917147,5531820.26754074
26,1,4,0,4,49.69840576260830,304.84182110428549,401759.946352636,5531836.13720349
26,1,5,0,5,51.27535993452988,300.49932800677038,401758.690841342,5531837.09139207
26,1,6,0,6,58.62832696793756,305.15598986588645,401751.96130081,5531840.05439872
26,1,7,0,7,59.94272197511654,316.54815771448938,401751.057332679,5531841.00858731
27,1,0,0,0,0.00000000000000,297.37292871992059,401917.990114238,5531699.03537026
27,1,1,0,1,19.11473783992921,297.42368017237749,401901.015601552,5531707.82394931
27,1,2,0,2,36.09608388597128,296.99086248938272,401885.949466033,5531715.65833978
27,1,3,0,3,58.37568984277356,297.29901077229619,401866.011946695,5531725.60198922
27,1,4,0,4,67.65465730680042,296.21590905891117,401857.826013062,5531729.97116853
27,1,5,0,5,69.96970574367384,297.82425940995984,401855.71675409,5531730.92535711
27,1,6,0,6,90.07219416979493,304.33351106718300,401838.541359597,5531741.37121107
27,1,7,0,7,95.94820163612182,307.35959324160723,401833.870857586,5531744.93686314
28,2,0,0,0,0.00000000000000,255.25643715790923,401834.121959845,5531744.78620179
28,2,1,0,1,2.96002597371585,264.57846544909989,401831.259394096,5531744.03289501
28,2,2,0,2,20.67866680103467,273.58549083212432,401813.581795086,5531745.23818585
28,2,3,0,3,41.80566534402194,274.20082660385964,401792.489205358,5531746.44347669
28,2,4,0,4,54.15918193095922,281.01816169210696,401780.185194684,5531747.54832663
28,2,5,0,5,59.51302127500996,286.90515810045287,401775.062708607,5531749.10516063
29,2,0,0,0,0.00000000000000,15.77558081021338,401834.071739393,5531745.03730404
29,2,1,0,1,11.63749936085641,11.81906321626398,401837.235627852,5531756.23646478
29,2,2,0,2,22.28387978834195,6.54028137247591,401838.692020952,5531766.78275964
29,2,3,0,3,33.32792691648933,26.27502040272740,401839.696429987,5531777.78103857
29,2,4,0,4,41.18241198939420,52.88661425975684,401845.471781936,5531783.10440646
29,2,5,0,5,52.79300681164568,56.71483486465632,401855.365210928,5531789.18108112
29,2,6,0,6,64.87235658712478,54.64525980259572,401865.258639919,5531796.11150346
29,2,7,0,7,73.22074201787866,57.25055551007250,401872.038400903,5531800.98288727
29,2,8,0,8,79.58686523624375,66.58926534501576,401877.562650593,5531804.14677573
29,2,9,0,9,82.16038777287112,72.97947438246142,401880.023452728,5531804.90008251
30,1,0,0,0,0.00000000000000,25.65926451684806,401756.230039207,5531964.04869405
30,1,1,0,1,11.36581026658958,20.74582556835103,401761.151643477,5531974.2936662
30,1,2,0,2,18.36070977874002,17.67412981456945,401763.060020643,5531981.02320674
30,1,3,0,3,35.19767328184678,20.97443196586991,401768.684711237,5531996.89286948
30,1,4,0,4,47.04203666635694,23.33825575451048,401773.204551893,5532007.84092796
30,1,5,0,5,63.67554762544880,20.45463905166511,401780.034533328,5532023.00750438
30,1,6,0,6,80.13621523467631,19.11853235396018,401784.755255791,5532038.77672623
30,1,7,0,7,94.06892902138731,21.99372733567558,401789.877741868,5532051.73360278
30,1,8,0,8,102.76098522443453,25.70605349697413,401793.192291682,5532059.76887505
30,1,9,0,9,112.29229246300484,27.78050534461876,401797.812573242,5532068.10547004
30,1,10,0,10,117.90710966014088,26.56505117548420,401800.323595828,5532073.12751521
31,1,0,0,0,0.00000000000000,65.75647941149558,401798.415218663,5531985.8443701
31,1,1,0,1,16.63351095883458,64.73245718252144,401813.581795086,5531992.67435154
31,1,2,0,2,35.45459260946959,64.54729477641688,401830.455866868,5532001.01094653
31,1,3,0,3,57.88194655918360,63.91667151188872,401850.845370272,5532010.35195055
31,1,4,0,4,78.72724559325944,64.22963428519628,401869.326496509,5532019.99427728
31,1,5,0,5,101.70385692716366,64.95832799419418,401890.318645333,5532029.3352813
31,1,6,0,6,129.10508529370497,64.37989510586706,401914.926666682,5532041.38818972
31,1,7,0,7,139.97871192156668,70.40948543814233,401924.769875222,5532046.00847128
31,1,8,0,8,144.53412491736572,75.96375650703726,401929.189274974,5532047.11332122
32,1,0,0,0,0.00000000000000,61.83393081928398,401905.786544467,5531907.27447337
32,1,1,0,1,14.46941768782712,63.82891827157800,401918.542539207,5531914.1044548
32,1,2,0,2,32.25015284503498,64.98042061174495,401934.763745117,5531921.3864203
32,1,3,0,3,56.08122565848054,65.17171622047478,401956.207878007,5531931.78205381
32,1,4,0,4,87.20125563116248,65.12501375633154,401984.682874139,5531944.33716674
32,1,5,0,5,102.00274871885540,67.53146207759802,401997.991293848,5531950.81560502
32,1,6,0,6,106.17172685594772,73.96375025730566,402001.933599309,5531952.17155722
32,1,7,0,7,109.49738644694727,76.90810693074665,402005.172818446,5531952.92486399
33,1,0,0,0,0.00000000000000,79.25886975515866,401903.802836624,5531881.93825547
33,1,1,0,1,21.82655017717321,79.15447994127820,401925.246969514,5531886.00611206
33,1,2,0,2,43.77064651154525,78.90657293411992,401946.791543307,5531890.17440955
33,1,3,0,3,66.96515664772008,78.47495552122218,401969.541407942,5531894.69425021
33,1,4,0,4,82.66513335298836,74.08238603300084,401984.908866172,5531897.90835912
33,1,5,0,5,85.81874180474588,69.97791676439938,401987.871872824,5531898.98809883
34,1,0,0,0,0.00000000000000,54.88311858937362,401927.080016002,5531841.63634295
34,1,1,0,1,15.10333642705761,54.88780598400460,401939.434247128,5531850.3244811
34,1,2,0,2,31.43270763551212,56.76770407716030,401952.792887289,5531859.71570557
34,1,3,0,3,50.25198014981888,56.85769630594618,401968.863431843,5531869.50869366
34,1,4,0,4,61.21638263015688,52.46538925371868,401977.852892704,5531875.78625013
34,1,5,0,5,69.02583696859872,49.85830067123002,401983.822848903,5531880.82085041
35,2,0,0,0,0.00000000000000,18.43494882267786,402097.208073803,5531678.13110722
35,2,1,0,1,21.59829771348356,18.14558603989205,402104.038055239,5531698.62105153
35,2,2,0,2,53.04448231898266,17.24035070045448,402113.680381971,5531728.55244076
35,2,3,0,3,75.16201626969206,17.45186614845273,402120.00815889,5531749.74547139
35,2,4,0,4,98.53908363432646,18.50761440968481,402127.340344843,5531771.94291106
35,2,5,0,5,116.67555158688138,17.38795898642658,402133.165917244,5531789.11830555
35,2,6,0,6,141.75783933905012,17.12193100622480,402140.096339583,5531813.22412238
35,2,7,0,7,157.51201986183676,18.34039052016505,402145.017943852,5531828.189817
35,2,8,0,8,168.36675547698218,20.83772642375885,402148.458044796,5531838.48500961
35,2,9,0,9,177.16350948762442,32.88465859571528,402151.923255966,5531846.57050233
35,2,10,0,10,183.02813162117448,42.57072667837974,402155.890671653,5531850.88946118
36,1,0,0,0,0.00000000000000,54.70990775907576,402079.555585019,5531685.36285227
36,1,1,0,1,32.42460432598518,54.70990775907576,402106.021763082,5531704.09508077
37,1,0,0,0,0.00000000000000,302.42387951929175,402071.570533193,5531689.43070886
37,1,1,0,1,46.64450035707450,302.28412277271855,402032.197699035,5531714.44049383
37,1,2,0,2,81.75746799500574,301.56666206528655,402002.467191609,5531733.12250187
37,1,3,0,3,120.91958427294560,319.43975487766613,401968.894819626,5531753.28601324
37,1,4,0,4,121.78688725772156,337.89055165090451,401968.56838669,5531754.08954047
38,1,0,0,0,0.00000000000000,74.27525427645220,402075.010634137,5531787.98834539
38,1,1,0,1,10.74764601057115,73.92787376707160,402085.356047194,5531790.90113159
38,1,2,0,2,21.58526138353678,75.10678127915892,402095.751680703,5531793.96457915
38,1,3,0,3,32.01226566742433,72.54604669874338,402105.896211953,5531796.37516083
38,1,4,0,4,34.06394169069883,72.98430919140890,402107.804589118,5531797.12846761
38,1,5,0,5,42.19112532340320,70.47227155138872,402115.739420492,5531798.88618342
38,1,6,0,6,46.34609004918548,77.16858499380984,402119.45573392,5531800.74434013
38,1,7,0,7,55.91427234068240,88.85599344012948,402129.022729976,5531800.59367877
38,1,8,0,8,63.58477848859808,86.80976570945890,402136.681348865,5531801.02055261
39,1,0,0,0,0.00000000000000,28.92642583449617,402031.419282033,5531797.53023122
39,1,1,0,1,8.72160238572044,21.06144451336030,402035.637799979,5531805.16373988
39,1,2,0,2,23.68055448276685,9.53945439122687,402039.052790696,5531819.72767088
39,1,3,0,3,40.34103323327598,4.27582242513150,402040.760286055,5531836.30041996
39,1,4,0,4,61.90900711769974,3.53395230734721,402041.76469509,5531857.84499375
39,1,5,0,5,66.49256917428718,4.39870535466070,402042.116238252,5531862.41505486
40,2,0,0,0,0.00000000000000,324.46232220858656,402075.914602268,5531815.10738933
40,2,1,0,1,13.82440514772261,324.50524679310689,402067.879329991,5531826.35677051
40,2,2,0,2,33.30586281690506,323.98142653845497,402056.579728351,5531842.22643326
40,2,3,0,3,45.43927361784944,324.21662806798548,402049.347983302,5531851.9692009
40,2,4,0,4,56.56412391041382,322.54109564418349,402042.969985932,5531861.08421289
40,2,5,0,5,57.97231289923106,325.19964126183527,402042.066017801,5531862.1639526
40,2,6,0,6,64.61874825604792,330.33566567199188,402038.776578212,5531867.93930455
41,3,0,0,0,0.00000000000000,22.03622694029640,402030.917077516,5531849.98549306
41,3,1,0,1,6.82647248787844,22.15449023459303,402033.478320554,5531856.31326997
41,3,2,0,2,17.02913764290647,28.11590667378823,402037.345295338,5531865.7547149
41,3,3,0,3,19.99597219609823,27.78229353062045,402039.002570245,5531868.21551703
41,3,4,0,4,25.45154078297311,20.25188707813943,402041.011388314,5531873.28778266
41,3,5,0,5,31.34362197559734,21.88620041485001,402042.91976548,5531878.8622528
41,3,6,0,6,43.52184853620011,24.93590062348413,402048.042251557,5531889.91075218
41,3,7,0,7,52.55385402051724,30.16887712856883,402051.859005888,5531898.09668582
41,3,8,0,8,55.93991933086970,38.22609868261837,402053.817603506,5531900.85881066
41,3,9,0,9,70.60429123676910,39.83266753098744,402063.459930239,5531911.90731004
41,3,10,0,10,83.25526062982306,40.21812801179447,402071.344541161,5531921.80073903
41,3,11,0,11,97.62305013481549,41.64587618082623,402080.936647442,5531932.49769525
41,3,12,0,12,114.63081244923259,39.74264602300860,402092.18602863,5531945.25368999
41,3,13,0,13,124.64699166452039,39.83768811572794,402098.363144193,5531953.13830091
41,3,14,0,14,138.41408376429769,40.44411600474400,402107.503266408,5531963.43349352
41,3,15,0,15,151.26188486803764,39.01518527896855,402115.638979589,5531973.37714296
41,3,16,0,16,167.87362306435651,59.21805861183866,402126.034613098,5531986.33401951
41,3,17,0,17,181.34918433666044,85.29750662232834,402139.292812355,5531988.74460119
41,3,18,0,18,200.53576316132452,91.00078291776852,402158.477024917,5531988.44327848
41,3,19,0,19,216.20744116786165,90.24609977121796,402174.145805857,5531988.14195577
41,3,20,0,20,225.64942033866163,90.79654578825409,402183.587250783,5531988.24239667
41,3,21,0,21,230.87620900287109,92.20259815379583,402188.810177763,5531988.04151487
42,1,0,0,0,0.00000000000000,37.47617956126843,402012.837714892,5531853.65158603
42,1,1,0,1,15.18751487358311,40.35235491118597,402022.078278011,5531865.70449445
42,1,2,0,2,35.86492826658396,41.87681687687221,402036.2404454,5531880.77062997
42,1,3,0,3,52.25003851577356,43.63925417710405,402046.887181167,5531893.225302
42,1,4,0,4,59.21349849350536,46.75340486156716,402051.959446792,5531897.99624491
43,1,0,0,0,0.00000000000000,359.15249111357281,402096.354326124,5531836.52641199
43,1,1,0,1,16.97636984965353,0.32714181797632,402096.103223865,5531853.50092467
43,1,2,0,2,30.38983791442357,1.34919860095517,402096.454767027,5531866.90978529
43,1,3,0,3,49.62846643450170,359.33524388393084,402096.856530641,5531886.1442183
43,1,4,0,4,73.55665403589980,357.54396952903261,402095.801901155,5531910.04915333
43,1,5,0,5,91.65170374477958,357.00279355861778,402095.048594379,5531928.12851595
43,1,6,0,6,108.40833525837922,359.18323257899465,402093.993964892,5531944.85192638
43,1,7,0,7,111.32285268425606,1.97493401048762,402094.094405796,5531947.76471258
44,1,0,0,0,0.00000000000000,350.69005982516694,402038.826798664,5531891.24159415
44,1,1,0,1,15.52169473980243,352.01871806828774,402036.315776077,5531906.55883193
44,1,2,0,2,41.96503980621973,6.38748723003545,402033.252328522,5531932.82412818
44,1,3,0,3,54.79889565329818,19.87021220994918,402037.521066919,5531944.92725705
44,1,4,0,4,64.49157294105346,18.58561251868428,402040.885837185,5531954.01715882
44,1,5,0,5,78.34513738222702,19.38663254610331,402044.903473324,5531967.27535807
44,1,6,0,6,92.47360629128798,19.89678146172968,402050.176620756,5531980.38289598
44,1,7,0,7,102.28858941451232,18.71594474993288,402053.189847859,5531989.7239
44,1,8,0,8,123.44624579791312,19.44615210851134,402060.270931554,5532009.66141934
44,1,9,0,9,134.51675177915763,19.66893193593488,402063.93702453,5532020.1072733
44,1,10,0,10,150.22901287892904,19.84868696623658,402069.310612866,5532034.87208611
44,1,11,0,11,158.87043361893342,19.02972446038933,402072.223399066,5532043.00779929
44,1,12,0,12,183.42263671062551,18.96697668816722,402079.957348633,5532066.31008889
44,1,13,0,13,193.01671479598741,23.82280638224311,402083.171457544,5532075.3497702
44,1,14,0,14,199.84669623206381,28.07248693378488,402086.385566455,5532081.37622441
45,1,0,0,0,0.00000000000000,337.67408806695227,402030.038219611,5531939.85499143
45,1,1,0,1,34.63711509796775,333.87128811253984,402016.880461257,5531971.89563963
45,1,2,0,2,44.19880423929633,330.06848815812742,402012.109518342,5531980.18201417
46,1,0,0,0,0.00000000000000,61.81470156641066,402023.459340434,5532010.51516701
46,1,1,0,1,13.50341940210691,62.06225484002426,402035.361587494,5532016.89316439
46,1,2,0,2,27.22867896738241,62.09459179378490,402047.514936814,5532023.27116176
46,1,3,0,3,41.29336456074830,61.79798314805040,402059.919388392,5532029.90026138
46,1,4,0,4,52.52805115311794,61.71659082216890,402069.812817383,5532035.22362927
47,1,0,0,0,0.00000000000000,331.81470156864225,402103.259638237,5531995.6499133
47,1,1,0,1,27.00683880457469,331.98653774895723,402090.503643497,5532019.45440742
47,1,2,0,2,43.13659717703872,334.37684218954200,402082.970575737,5532033.71701572
47,1,3,0,3,57.80234492173402,333.21762480613438,402077.145003336,5532047.17609678
47,1,4,0,4,62.10052324303288,329.83993916245686,402074.985523912,5532050.89241021
48,4,0,0,0,0.00000000000000,343.06684369926160,402074.20710691,5531924.78885591
48,4,1,0,1,10.60427760163170,341.05553348385587,402071.118549128,5531934.93338716
48,4,2,0,2,35.87968763675815,339.69519960496473,402062.078867816,5531958.53699947
48,4,3,0,3,49.31814002015076,343.15496623677637,402057.55902716,5531971.19255331
48,4,4,0,4,62.57025055193662,347.07898211537457,402054.344918249,5531984.04898895
48,4,5,0,5,68.82955044707565,348.19420769867565,402053.06429673,5531990.17588406
49,1,0,0,0,0.00000000000000,60.00726539799146,401924.600381198,5532001.77680841
49,1,1,0,1,17.27963071111429,62.11896888705052,401939.566075814,5532010.41472611
49,1,2,0,2,46.38965033216864,63.83281059829370,401965.781151619,5532023.07027994
49,1,3,0,3,78.73099738619584,64.43752888926966,401994.708131817,5532037.53377004
49,1,4,0,4,99.27134632633810,65.70107570525931,402013.390139861,5532046.07124684
49,1,5,0,5,108.94947367759842,65.96204245245714,402022.228939366,5532050.0135523
50,1,0,0,0,0.00000000000000,305.46090814745048,401795.031615728,5531987.23798763
50,1,1,0,1,26.14262745811040,304.29352952235070,401773.738144193,5532002.40456406
50,1,2,0,2,54.44700949617358,303.25199146706825,401750.034090975,5532017.87246319
50,1,3,0,3,95.34212495948790,303.27052833485811,401715.884183797,5532040.37122557
50,1,4,0,4,107.46056034413844,305.51910413757975,401705.739652547,5532047.0003252
50,1,5,0,5,110.89616783791141,307.87498364232886,401703.027748153,5532049.10958417
51,2,0,0,0,0.00000000000000,358.74095479271517,401802.614903939,5532087.52822974
51,2,1,0,1,13.71349416124267,0.07204261426575,401802.313581229,5532101.23841307
51,2,2,0,2,60.88464244619470,1.97801429150747,401803.468651619,5532148.39541724
51,2,3,0,3,76.66953040745190,352.76411438752996,401804.171737943,5532164.16463909
51,2,4,0,4,103.77089842374185,344.82201660672735,401796.236906569,5532190.07839218
51,2,5,0,5,125.55083150573525,345.22425444501556,401791.214861396,5532211.27142281
51,2,6,0,6,142.81060056560526,341.46267413269919,401786.39369803,5532227.84417188
51,2,7,0,7,154.09624345853305,339.14554196096083,401782.376061891,5532238.39046675
52,1,0,0,0,0.00000000000000,54.55428967190798,401774.943435035,5532106.91332411
52,1,1,0,1,14.54833699663547,54.43894072479252,401786.795461643,5532115.35036
52,1,2,0,2,24.19275602117740,53.79974230202678,401794.629852114,5532120.9750506
52,1,3,0,3,32.08743659105007,54.00173569711768,401800.957629032,5532125.69577306
52,1,4,0,4,34.60948347627028,54.72757856785886,401803.016667553,5532127.15216616
53,1,0,0,0,0.00000000000000,50.56905882429384,401756.612970152,5532122.13012099
53,1,1,0,1,15.73471751120381,49.61600105785218,401768.766319471,5532132.12399088
53,1,2,0,2,31.85423086909260,46.20005730208604,401780.869448339,5532142.77072665
53,1,3,0,3,49.57863557977296,43.24401993325592,401793.123238562,5532155.57694184
53,1,4,0,4,61.34191211393076,38.93387498108477,401801.108290387,5532164.21485954
53,1,5,0,5,65.11774622069960,35.11688140841926,401803.280324925,5532167.30341732
54,1,0,0,0,0.00000000000000,71.61795585262712,401680.918194278,5532106.3232338
54,1,1,0,1,17.19923999630930,72.01039668030847,401697.239841091,5532111.74704259
54,1,2,0,2,31.31904844407355,72.56295481813228,401710.698922156,5532116.01578099
54,1,3,0,3,44.67778300393876,70.43858917208932,401723.454916896,5532119.98319667
54,1,4,0,4,50.68353804074516,68.15410621590392,401729.029387038,5532122.21800678
55,1,0,0,0,0.00000000000000,70.45513767638786,401712.381307289,5532136.53083552
55,1,1,0,1,10.65821868753281,71.90372079451046,401722.425397635,5532140.09648759
55,1,2,0,2,21.35140181279716,76.50372321254493,401732.670369789,5532143.15993515
55,1,3,0,3,27.78373796194935,79.08657558514484,401738.998146707,5532144.31500554
55,1,4,0,4,31.06348336937428,78.51800865783289,401742.212255618,5532144.96787141
56,1,0,0,0,0.00000000000000,61.32096373070898,401770.38592904,5532160.5864319
56,1,1,0,1,13.39484046027394,60.94675366170608,401782.137514745,5532167.01464972
56,1,2,0,2,22.38977060006420,59.05067565257362,401789.971905216,5532171.43404948
56,1,3,0,3,31.55689471206947,54.71061542258628,401797.705854782,5532176.35565375
56,1,4,0,4,34.81193940207158,51.89242313272856,401800.267097821,5532178.36447181
57,1,0,0,0,0.00000000000000,346.02953811017716,401849.684022326,5532197.49846392
57,1,1,0,1,21.21800713383023,348.13578733443751,401844.561536249,5532218.08884914
57,1,2,0,2,37.21871908705024,349.99708622362550,401841.849631855,5532233.85807098
57,1,3,0,3,55.28496383321410,349.55323627190427,401838.635522944,5532251.63611089
57,1,4,0,4,68.87755377740773,349.69113948393880,401836.124500358,5532264.99475105
57,1,5,0,5,78.15788017967932,346.46260667191211,401834.517445902,5532274.13487327
57,1,6,0,6,94.55160801590311,342.89727103120191,401829.696282536,5532289.80365421
58,1,0,0,0,0.00000000000000,90.00000000000000,401890.412808681,5532169.87721547
58,1,1,0,1,27.62124845292419,90.51519426901388,401918.034057134,5532169.87721547
58,1,2,0,2,55.54833547882802,94.50985765163107,401945.956628297,5532169.37501095
58,1,3,0,3,67.11082425405868,103.86808168447929,401957.406891292,5532167.7679565
58,1,4,0,4,79.59664261914016,111.27167903633136,401969.158476998,5532163.54943855
58,1,5,0,5,94.63194471111893,106.99094904811405,401983.019321676,5532157.72386615
58,1,6,0,6,112.75422278653738,98.76278418769893,402000.797361589,5532154.20843453
58,1,7,0,7,125.48765768958286,91.12728748201994,402013.452915426,5532152.80226188
58,1,8,0,8,135.35594450824462,81.14369417899925,402023.296123966,5532153.50534821
58,1,9,0,9,148.99817099946014,73.61968096878732,402036.554323223,5532156.71945712
58,1,10,0,10,159.41694808483783,72.36939048294148,402046.397531763,5532160.13444783
58,1,11,0,11,168.09506539456007,73.61115934155092,402054.73412675,5532162.54502952
58,1,12,0,12,173.70381531025649,73.34989451272676,402060.107715086,5532164.15208397
59,1,0,0,0,0.00000000000000,50.47354697184420,401922.604118242,5532177.36006278
59,1,1,0,1,29.03854045590002,45.23780243935500,401945.002439714,5532195.84118902
59,1,2,0,2,47.78873468057570,42.05576082580081,401957.05534813,5532210.20423821
59,1,3,0,3,61.49772222683924,45.22709406757344,401966.597233959,5532220.04744675
59,1,4,0,4,76.62967019728850,47.10356480781632,401977.545292437,5532230.49330071
59,1,5,0,5,93.69635017839302,46.64030758259512,401990.200846274,5532241.94356371
59,1,6,0,6,103.42668420220799,42.17287676552834,401997.131268613,5532248.77354514
59,1,7,0,7,108.46202020827870,38.92754359108800,402000.295157072,5532252.69074038
60,1,0,0,0,0.00000000000000,50.69443071743944,402098.928124275,5532106.39856448
60,1,1,0,1,25.05250644975026,43.07702445703782,402118.313218644,5532122.26822723
60,1,2,0,2,42.19291657661143,33.83365808400112,402128.256868087,5532136.22951281
60,1,3,0,3,57.26875825788278,31.80515360573132,402136.292140364,5532148.98550755
60,1,4,0,4,77.50928255884706,31.80957764944315,402146.838435228,5532166.26134294
60,1,5,0,5,86.17576699814138,32.21654605878972,402151.458716788,5532173.5935289
61,5,0,0,0,0.00000000000000,8.09749235232406,401524.657258712,5531108.71907036
61,5,1,0,1,24.95729084569010,7.99031583452882,401528.172690333,5531133.42753261
61,5,2,0,2,51.32106694364294,8.05379445279356,401531.788562858,5531159.54216751
61,5,3,0,3,111.70443065323185,7.98611081246197,401540.426480556,5531219.30450507
61,5,4,0,4,141.50611163485499,7.87759277118878,401544.444116695,5531248.83413069
61,5,5,0,5,207.84122636544015,8.47924207402932,401553.684679813,5531314.52248156
61,5,6,0,6,235.59964693522392,9.03803964462562,401558.003638662,5531341.9428482
61,5,7,0,7,255.23321034549252,8.55569639634631,401561.11730667,5531361.32794257
61,5,8,0,8,289.21045441994437,8.00079434983578,401565.838029133,5531394.97564523
61,5,9,0,9,331.71037033424534,8.33274388033643,401571.764042437,5531437.06038378
61,5,10,0,10,386.47093144697760,8.19325110918083,401580.000196521,5531491.19803075
61,5,11,0,11,413.33225447338793,7.68218434038795,401583.616069046,5531517.81487017
61,5,12,0,12,447.38172074776122,9.32263064361113,401588.135909702,5531551.56301373
61,5,13,0,13,458.94464576958120,9.64297220140793,401590.345609578,5531562.91283583
61,5,14,0,14,488.27700110343648,7.99873489011118,401594.564127524,5531591.94025693
61,5,15,0,15,530.84889906831563,7.95443343911661,401600.289259021,5531634.12543638
61,5,16,0,16,563.32037286987963,8.19129206337170,401604.909540581,5531666.26652549
61,5,17,0,17,585.84871000295402,8.70669039247863,401608.123649492,5531688.56440606
61,5,18,0,18,615.96758594588016,8.88069189962551,401612.944812858,5531718.29491349
61,5,19,0,19,645.01654693111823,9.37716548987061,401617.263771707,5531747.02101188
61,5,20,0,20,660.32480826212498,9.10377449003461,401619.9756761,5531762.0871474
61,5,21,0,21,698.91849840600264,7.86420459261802,401625.349264436,5531800.30491117
61,5,22,0,22,747.11553454184570,8.26778345607974,401631.827702709,5531848.06456077
61,5,23,0,23,767.44359229485622,8.86483080197506,401634.941370717,5531868.15274146
61,5,24,0,24,781.37241361709732,8.13400276618188,401637.100850141,5531881.91314523
61,5,25,0,25,837.12310950122253,7.93447023198882,401644.232154287,5531937.20586259
61,5,26,0,26,863.22446157777620,8.19212146996251,401648.099129071,5531963.01917478
61,5,27,0,27,907.63527338591132,8.01391600995677,401654.17580373,5532007.0122905
61,5,28,0,28,932.03858926046451,8.13836895361315,401657.6410149,5532031.16832778
61,5,29,0,29,956.23593695750162,13.46054320177648,401661.056005618,5532055.12348326
61,5,30,0,30,963.55727965866765,32.78703580592172,401663.416366849,5532062.0539056
61,5,31,0,31,971.62215884511500,60.86422729135994,401669.292159702,5532067.57815529
61,5,32,0,32,978.59032569893805,82.91643679718926,401676.021700234,5532069.38609155
61,5,33,0,33,1011.63919886247265,90.87068949769861,401709.066757474,5532068.88388704
62,5,0,0,0,0.00000000000000,88.84433410552217,401712.682629999,5532070.03895743
62,5,1,0,1,52.29012664487296,88.56052770431104,401764.962120253,5532071.09358691
62,5,2,0,2,87.35986313608426,88.33962255247354,401800.015995562,5532072.1482164
62,5,3,0,3,125.19056642132153,88.36191036157796,401837.831995717,5532073.20284589
62,5,4,0,4,181.76307497168463,88.25522052259495,401894.380224368,5532074.86012079
62,5,5,0,5,224.67277023916759,88.34009088994466,401937.268490148,5532076.21607299
62,5,6,0,6,274.25755120458319,88.87907526374347,401986.836076008,5532077.52180474
62,5,7,0,7,319.40943107365553,89.26711287147879,402031.984262115,5532078.09933993
63,5,0,0,0,0.00000000000000,90.17257712687974,402036.152559609,5532080.25881935
63,5,1,0,1,50.01979682484680,85.17663824669880,402086.172129535,5532080.108158
63,5,2,0,2,60.62095235101208,84.52313886719774,402096.617983495,5532081.91609426
63,5,3,0,3,91.06051230256153,88.80095290844795,402127.051577245,5532082.51873968
63,5,4,0,4,145.71365581993012,88.37038306657308,402181.691428731,5532083.72403052
63,5,5,0,5,174.55768822197044,88.79612297115490,402210.517968025,5532084.72843956
63,5,6,0,6,188.51933509720607,88.29733762632206,402224.479253607,5532084.82888046
63,5,7,0,7,203.90778623634577,88.01792303195143,402239.846711837,5532085.63240769
63,5,8,0,8,239.46897286091257,88.90505141766998,402275.402791664,5532086.23505311
63,5,9,0,9,286.68688148315562,88.78112476589938,402322.610016292,5532087.23946214
64,4,0,0,0,0.00000000000000,12.54782389819910,402095.513133557,5531602.0094575
64,4,1,0,1,32.82466505895908,13.25946076939321,402102.644437703,5531634.05010571
64,4,2,0,2,75.67480751082687,14.03051955269272,402112.98985076,5531675.63263974
64,4,3,0,3,101.66746954691629,13.83503692448559,402119.317627679,5531700.84330651
64,4,4,0,4,141.44942215980970,13.38880257010231,402128.658631701,5531739.51305435
64,4,5,0,5,179.72386463377723,13.52642946749804,402137.396990302,5531776.77662953
64,4,6,0,6,218.31108459682139,13.58320267380215,402146.637553421,5531814.24108653
64,4,7,0,7,251.02985343395991,18.39930747126023,402154.170621181,5531846.08085292
64,4,8,0,8,256.25917477940948,18.10286678478800,402156.254769928,5531850.87690607
64,4,9,0,9,299.94301549201566,13.16779909547706,402165.871986435,5531893.48895936
64,4,10,0,10,353.26956852398416,13.27020187255605,402178.427099368,5531945.31646555
64,4,11,0,11,383.36046298304234,14.70624837553557,402185.1566399,5531974.64520936
64,4,12,0,12,397.16115368423078,15.09776832248614,402189.073835135,5531987.87829839
64,4,13,0,13,432.02769466839425,13.34685303324673,402197.335099445,5532021.75199309
64,4,14,0,14,463.31181150419809,13.19011028829136,402204.365962688,5532052.23580729
64,4,15,0,15,484.99402262620760,10.48947332309885,402209.388007861,5532073.32839701
64,4,16,0,16,496.59606112126522,7.58644889235399,402210.919731639,5532084.82888046
65,4,0,0,0,0.00000000000000,16.41142147834251,402101.916241153,5531613.93681479
65,4,1,0,1,29.68440799436527,15.17946876155407,402110.303056593,5531642.41181092
65,4,2,0,2,61.14602798235478,14.14302387619078,402117.886344804,5531672.94584558
65,4,3,0,3,91.15857836192087,13.47892700030500,402125.318971661,5531702.02348713
65,4,4,0,4,118.74309580862997,13.03758263620440,402131.345425869,5531728.94164926
65,4,5,0,5,177.66198148026749,16.48585799382046,402145.055609192,5531786.24318468
65,4,6,0,6,186.08046323225977,15.83339202380340,402147.867954489,5531794.17801606
65,4,7,0,7,207.55368543859316,12.79260763238419,402152.387795145,5531815.17016488
65,4,8,0,8,233.06053372450879,13.23997064393698,402158.313808449,5531839.97906804
65,4,9,0,9,258.42360210319572,13.67754360891236,402164.038939947,5531864.68753029
65,4,10,0,10,294.18521870007351,14.35904217341445,402172.877739452,5531899.33964199
65,4,11,0,11,320.42202844891204,13.72268495093103,402179.406398177,5531924.75119056
65,4,12,0,12,351.14529024318051,12.67961617406893,402186.336820516,5531954.6825798
65,4,13,0,13,372.32403536198024,13.47777477856060,402190.856661172,5531975.37340591
65,4,14,0,14,412.08252381779357,14.00797589107671,402200.900751518,5532013.84227194
65,4,15,0,15,439.85529635114534,13.48444503556585,402207.32896934,5532040.86087497
65,4,16,0,16,464.65504834351839,14.14165524373894,402213.154541741,5532064.9666918
65,4,17,0,17,477.32335016030675,25.70008715476320,402216.368650652,5532077.22048203
65,4,18,0,18,484.21362542103770,46.20798902674256,402220.486727694,5532082.74473172
65,4,19,0,19,488.22529344820850,55.71312302310326,402223.801277509,5532085.00465204
66,1,0,0,0,0.00000000000000,281.80015178043368,402086.950546537,5531593.99929545
66,1,1,0,1,36.83676125444681,281.00206275098162,402050.892262193,5531601.53236321
66,1,2,0,2,72.55603769057424,280.63708814963053,402015.73794598,5531607.86014013
66,1,3,0,3,91.38756872564743,281.32920890832020,401997.256819742,5531611.47601266
66,1,4,0,4,127.88854482397267,282.23574587565167,401961.499858109,5531618.80819861
66,1,5,0,5,147.25906197456885,282.33835309884364,401942.616968257,5531623.12715746
66,1,6,0,6,165.93350842086568,280.18128578208797,401924.336723826,5531626.94391179
66,1,7,0,7,188.17839093592508,280.81922988832360,401902.340165967,5531630.2584616
66,1,8,0,8,211.27543132447315,282.30800422203362,401879.841403591,5531635.48138858
66,1,9,0,9,230.34333729776932,280.11652256448502,401861.159395547,5531639.29814292
66,1,10,0,10,244.97465027332677,281.00544292215903,401846.695905448,5531641.50784279
66,1,11,0,11,256.74167827936429,281.98435954395654,401835.245642453,5531644.21974719
66,1,12,0,12,285.56191745579127,280.05325501791867,401806.921307675,5531649.54311507
66,1,13,0,13,299.00299706623588,282.27694744300669,401793.663108418,5531651.75281495
66,1,14,0,14,308.26155651838826,280.45359960345900,401784.723868009,5531654.16339663
66,1,15,0,15,319.16529442896251,276.79959302859930,401773.876250435,5531655.26824657
66,1,16,0,16,333.25640504881858,279.06612180798868,401759.914964854,5531657.17662373
66,1,17,0,17,344.99811420749933,280.81445712191788,401748.364260955,5531659.28588271
66,1,18,0,18,382.99571910046262,282.09544417959773,401711.100685769,5531666.71850956
66,1,19,0,19,418.95875254833680,282.57649470135783,401676.04681046,5531674.75378184
66,1,20,0,20,451.64219784234064,282.31154406333451,401644.106603158,5531681.68420418
66,1,21,0,21,468.50670111122781,280.87890881134553,401627.63429499,5531685.3000767
66,1,22,0,22,479.60303464804269,280.02800394614701,401616.686236512,5531687.10801296
66,1,23,0,23,488.54650611582571,280.67894719817468,401607.897657459,5531688.76528787
